year,name,gender,count
1900,Ashley,F,9373
1900,Ashley,M,7668
1901,Ashley,F,9364
1901,Ashley,M,7555
1902,Ashley,F,9952
1902,Ashley,M,7917
1903,Ashley,F,9822
1903,Ashley,M,7704
1904,Ashley,F,10416
1904,Ashley,M,8056
1905,Ashley,F,10416
1905,Ashley,M,7944
1906,Ashley,F,10956
1906,Ashley,M,8238
1907,Ashley,F,10429
1907,Ashley,M,7732
1908,Ashley,F,10946
1908,Ashley,M,8001
1909,Ashley,F,10364
1909,Ashley,M,7468
1910,Ashley,F,10349
1910,Ashley,M,7352
1911,Ashley,F,12036
1911,Ashley,M,8429
1912,Ashley,F,11247
1912,Ashley,M,7763
1913,Ashley,F,11835
1913,Ashley,M,8053
1914,Ashley,F,11565
1914,Ashley,M,7757
1915,Ashley,F,11263
1915,Ashley,M,7445
1916,Ashley,F,11877
1916,Ashley,M,7739
1917,Ashley,F,13108
1917,Ashley,M,8418
1918,Ashley,F,12680
1918,Ashley,M,8024
1919,Ashley,F,11195
1919,Ashley,M,6982
1920,Ashley,F,12521
1920,Ashley,M,7695
1921,Ashley,F,14276
1921,Ashley,M,8645
1922,Ashley,F,12944
1922,Ashley,M,7723
1923,Ashley,F,11890
1923,Ashley,M,6990
1924,Ashley,F,15091
1924,Ashley,M,8741
1925,Ashley,F,14341
1925,Ashley,M,8183
1926,Ashley,F,13947
1926,Ashley,M,7839
1927,Ashley,F,13920
1927,Ashley,M,7707
1928,Ashley,F,15413
1928,Ashley,M,8405
1929,Ashley,F,14233
1929,Ashley,M,7645
1930,Ashley,F,15985
1930,Ashley,M,8455
1931,Ashley,F,15695
1931,Ashley,M,8176
1932,Ashley,F,15677
1932,Ashley,M,8041
1933,Ashley,F,15841
1933,Ashley,M,8000
1934,Ashley,F,15793
1934,Ashley,M,7853
1935,Ashley,F,17239
1935,Ashley,M,8438
1936,Ashley,F,15630
1936,Ashley,M,7531
1937,Ashley,F,15124
1937,Ashley,M,7172
1938,Ashley,F,17654
1938,Ashley,M,8240
1939,Ashley,F,17957
1939,Ashley,M,8248
1940,Ashley,F,18088
1940,Ashley,M,8175
1941,Ashley,F,18301
1941,Ashley,M,8139
1942,Ashley,F,17802
1942,Ashley,M,7789
1943,Ashley,F,19314
1943,Ashley,M,8312
1944,Ashley,F,18685
1944,Ashley,M,7910
1945,Ashley,F,18479
1945,Ashley,M,7693
1946,Ashley,F,18975
1946,Ashley,M,7768
1947,Ashley,F,22024
1947,Ashley,M,8866
1948,Ashley,F,17875
1948,Ashley,M,7074
1949,Ashley,F,20872
1949,Ashley,M,8120
1950,Ashley,F,18507
1950,Ashley,M,7077
1951,Ashley,F,20765
1951,Ashley,M,7803
1952,Ashley,F,20672
1952,Ashley,M,7633
1953,Ashley,F,18855
1953,Ashley,M,6840
1954,Ashley,F,22391
1954,Ashley,M,7980
1955,Ashley,F,21707
1955,Ashley,M,7598
1956,Ashley,F,19709
1956,Ashley,M,6775
1957,Ashley,F,24041
1957,Ashley,M,8114
1958,Ashley,F,25230
1958,Ashley,M,8359
1959,Ashley,F,25681
1959,Ashley,M,8352
1960,Ashley,F,24435
1960,Ashley,M,7798
1961,Ashley,F,24335
1961,Ashley,M,7620
1962,Ashley,F,26579
1962,Ashley,M,8165
1963,Ashley,F,27490
1963,Ashley,M,8282
1964,Ashley,F,27044
1964,Ashley,M,7990
1965,Ashley,F,24225
1965,Ashley,M,7017
1966,Ashley,F,26345
1966,Ashley,M,7479
1967,Ashley,F,27080
1967,Ashley,M,7534
1968,Ashley,F,23835
1968,Ashley,M,6497
1969,Ashley,F,27854
1969,Ashley,M,7437
1970,Ashley,F,31186
1970,Ashley,M,8153
1971,Ashley,F,28860
1971,Ashley,M,7387
1972,Ashley,F,30628
1972,Ashley,M,7672
1973,Ashley,F,28797
1973,Ashley,M,7058
1974,Ashley,F,28697
1974,Ashley,M,6880
1975,Ashley,F,29826
1975,Ashley,M,6992
1976,Ashley,F,28044
1976,Ashley,M,6427
1977,Ashley,F,28086
1977,Ashley,M,6290
1978,Ashley,F,32412
1978,Ashley,M,7092
1979,Ashley,F,32934
1979,Ashley,M,7037
1980,Ashley,F,28896
1980,Ashley,M,6027
1981,Ashley,F,32806
1981,Ashley,M,6677
1982,Ashley,F,31111
1982,Ashley,M,6176
1983,Ashley,F,32171
1983,Ashley,M,6227
1984,Ashley,F,32641
1984,Ashley,M,6158
1985,Ashley,F,33890
1985,Ashley,M,6228
1986,Ashley,F,32338
1986,Ashley,M,5786
1987,Ashley,F,35087
1987,Ashley,M,6110
1988,Ashley,F,33099
1988,Ashley,M,5606
1989,Ashley,F,33835
1989,Ashley,M,5571
1990,Ashley,F,31069
1990,Ashley,M,4970
1991,Ashley,F,37014
1991,Ashley,M,5749
1992,Ashley,F,33737
1992,Ashley,M,5084
1993,Ashley,F,34238
1993,Ashley,M,5003
1994,Ashley,F,29666
1994,Ashley,M,4200
1995,Ashley,F,31197
1995,Ashley,M,4277
1996,Ashley,F,35218
1996,Ashley,M,4671
1997,Ashley,F,33297
1997,Ashley,M,4269
1998,Ashley,F,28919
1998,Ashley,M,3580
1999,Ashley,F,34624
1999,Ashley,M,4135
2000,Ashley,F,31444
2000,Ashley,M,3619
2001,Ashley,F,35147
2001,Ashley,M,3895
2002,Ashley,F,32123
2002,Ashley,M,3423
2003,Ashley,F,32569
2003,Ashley,M,3332
2004,Ashley,F,34311
2004,Ashley,M,3367
2005,Ashley,F,30190
2005,Ashley,M,2837
2006,Ashley,F,29873
2006,Ashley,M,2683
2007,Ashley,F,31242
2007,Ashley,M,2678
2008,Ashley,F,33019
2008,Ashley,M,2696
2009,Ashley,F,28797
2009,Ashley,M,2235
2010,Ashley,F,28013
2010,Ashley,M,2062
2011,Ashley,F,32488
2011,Ashley,M,2261
2012,Ashley,F,29668
2012,Ashley,M,1948
2013,Ashley,F,29883
2013,Ashley,M,1845
2014,Ashley,F,27031
2014,Ashley,M,1564
2015,Ashley,F,29004
2015,Ashley,M,1565
2016,Ashley,F,30033
2016,Ashley,M,1506
2017,Ashley,F,31523
2017,Ashley,M,1460
2018,Ashley,F,28291
2018,Ashley,M,1204
2019,Ashley,F,32400
2019,Ashley,M,1257
2020,Ashley,F,28072
2020,Ashley,M,984
2021,Ashley,F,27886
2021,Ashley,M,874
2022,Ashley,F,31543
2022,Ashley,M,873
2023,Ashley,F,29044
2023,Ashley,M,698
2024,Ashley,F,27537
2024,Ashley,M,562
1900,Avery,F,739
1900,Avery,M,2955
1901,Avery,F,729
1901,Avery,M,2831
1902,Avery,F,697
1902,Avery,M,2628
1903,Avery,F,804
1903,Avery,M,2942
1904,Avery,F,878
1904,Avery,M,3124
1905,Avery,F,790
1905,Avery,M,2734
1906,Avery,F,912
1906,Avery,M,3071
1907,Avery,F,924
1907,Avery,M,3028
1908,Avery,F,977
1908,Avery,M,3114
1909,Avery,F,1014
1909,Avery,M,3148
1910,Avery,F,951
1910,Avery,M,2878
1911,Avery,F,923
1911,Avery,M,2723
1912,Avery,F,1019
1912,Avery,M,2930
1913,Avery,F,1141
1913,Avery,M,3200
1914,Avery,F,1079
1914,Avery,M,2950
1915,Avery,F,1099
1915,Avery,M,2934
1916,Avery,F,1051
1916,Avery,M,2736
1917,Avery,F,1340
1917,Avery,M,3408
1918,Avery,F,1308
1918,Avery,M,3249
1919,Avery,F,1340
1919,Avery,M,3250
1920,Avery,F,1392
1920,Avery,M,3299
1921,Avery,F,1398
1921,Avery,M,3238
1922,Avery,F,1367
1922,Avery,M,3095
1923,Avery,F,1410
1923,Avery,M,3121
1924,Avery,F,1424
1924,Avery,M,3082
1925,Avery,F,1737
1925,Avery,M,3676
1926,Avery,F,1591
1926,Avery,M,3291
1927,Avery,F,1535
1927,Avery,M,3107
1928,Avery,F,1664
1928,Avery,M,3296
1929,Avery,F,1559
1929,Avery,M,3023
1930,Avery,F,1855
1930,Avery,M,3520
1931,Avery,F,1675
1931,Avery,M,3110
1932,Avery,F,1841
1932,Avery,M,3347
1933,Avery,F,1948
1933,Avery,M,3469
1934,Avery,F,1919
1934,Avery,M,3346
1935,Avery,F,1932
1935,Avery,M,3300
1936,Avery,F,1969
1936,Avery,M,3293
1937,Avery,F,2008
1937,Avery,M,3290
1938,Avery,F,1992
1938,Avery,M,3196
1939,Avery,F,2055
1939,Avery,M,3231
1940,Avery,F,2353
1940,Avery,M,3626
1941,Avery,F,2198
1941,Avery,M,3318
1942,Avery,F,2156
1942,Avery,M,3192
1943,Avery,F,2244
1943,Avery,M,3255
1944,Avery,F,2525
1944,Avery,M,3591
1945,Avery,F,2521
1945,Avery,M,3514
1946,Avery,F,2561
1946,Avery,M,3500
1947,Avery,F,2495
1947,Avery,M,3342
1948,Avery,F,2680
1948,Avery,M,3520
1949,Avery,F,2547
1949,Avery,M,3279
1950,Avery,F,2666
1950,Avery,M,3366
1951,Avery,F,2929
1951,Avery,M,3627
1952,Avery,F,2977
1952,Avery,M,3615
1953,Avery,F,2720
1953,Avery,M,3240
1954,Avery,F,2802
1954,Avery,M,3273
1955,Avery,F,3038
1955,Avery,M,3479
1956,Avery,F,3402
1956,Avery,M,3822
1957,Avery,F,2787
1957,Avery,M,3071
1958,Avery,F,3270
1958,Avery,M,3534
1959,Avery,F,3014
1959,Avery,M,3194
1960,Avery,F,3227
1960,Avery,M,3354
1961,Avery,F,3350
1961,Avery,M,3416
1962,Avery,F,3409
1962,Avery,M,3409
1963,Avery,F,3456
1963,Avery,M,3389
1964,Avery,F,3646
1964,Avery,M,3507
1965,Avery,F,3600
1965,Avery,M,3397
1966,Avery,F,3463
1966,Avery,M,3205
1967,Avery,F,4055
1967,Avery,M,3680
1968,Avery,F,4131
1968,Avery,M,3677
1969,Avery,F,4236
1969,Avery,M,3699
1970,Avery,F,3733
1970,Avery,M,3197
1971,Avery,F,4271
1971,Avery,M,3587
1972,Avery,F,4453
1972,Avery,M,3668
1973,Avery,F,4094
1973,Avery,M,3307
1974,Avery,F,4453
1974,Avery,M,3526
1975,Avery,F,4506
1975,Avery,M,3499
1976,Avery,F,5137
1976,Avery,M,3912
1977,Avery,F,5260
1977,Avery,M,3927
1978,Avery,F,4327
1978,Avery,M,3166
1979,Avery,F,5631
1979,Avery,M,4040
1980,Avery,F,4717
1980,Avery,M,3318
1981,Avery,F,5385
1981,Avery,M,3712
1982,Avery,F,5482
1982,Avery,M,3704
1983,Avery,F,4962
1983,Avery,M,3285
1984,Avery,F,5533
1984,Avery,M,3591
1985,Avery,F,5437
1985,Avery,M,3458
1986,Avery,F,5757
1986,Avery,M,3587
1987,Avery,F,5750
1987,Avery,M,3510
1988,Avery,F,6187
1988,Avery,M,3700
1989,Avery,F,5901
1989,Avery,M,3456
1990,Avery,F,5917
1990,Avery,M,3394
1991,Avery,F,6480
1991,Avery,M,3640
1992,Avery,F,6399
1992,Avery,M,3520
1993,Avery,F,6564
1993,Avery,M,3535
1994,Avery,F,6138
1994,Avery,M,3235
1995,Avery,F,6090
1995,Avery,M,3142
1996,Avery,F,6378
1996,Avery,M,3220
1997,Avery,F,6458
1997,Avery,M,3190
1998,Avery,F,7134
1998,Avery,M,3447
1999,Avery,F,7322
1999,Avery,M,3461
2000,Avery,F,6956
2000,Avery,M,3215
2001,Avery,F,7736
2001,Avery,M,3496
2002,Avery,F,7820
2002,Avery,M,3455
2003,Avery,F,7434
2003,Avery,M,3211
2004,Avery,F,7061
2004,Avery,M,2980
2005,Avery,F,8236
2005,Avery,M,3396
2006,Avery,F,7593
2006,Avery,M,3058
2007,Avery,F,7773
2007,Avery,M,3057
2008,Avery,F,7646
2008,Avery,M,2936
2009,Avery,F,7471
2009,Avery,M,2800
2010,Avery,F,7274
2010,Avery,M,2659
2011,Avery,F,8362
2011,Avery,M,2983
2012,Avery,F,7749
2012,Avery,M,2695
2013,Avery,F,9706
2013,Avery,M,3291
2014,Avery,F,7726
2014,Avery,M,2553
2015,Avery,F,7693
2015,Avery,M,2477
2016,Avery,F,8627
2016,Avery,M,2705
2017,Avery,F,9185
2017,Avery,M,2804
2018,Avery,F,8482
2018,Avery,M,2520
2019,Avery,F,8770
2019,Avery,M,2535
2020,Avery,F,7563
2020,Avery,M,2125
2021,Avery,F,8176
2021,Avery,M,2233
2022,Avery,F,7987
2022,Avery,M,2119
2023,Avery,F,7575
2023,Avery,M,1951
2024,Avery,F,8612
2024,Avery,M,2153
1900,Casey,F,1378
1900,Casey,M,3217
1901,Casey,F,1354
1901,Casey,M,3130
1902,Casey,F,1474
1902,Casey,M,3375
1903,Casey,F,1213
1903,Casey,M,2751
1904,Casey,F,1335
1904,Casey,M,2997
1905,Casey,F,1337
1905,Casey,M,2974
1906,Casey,F,1229
1906,Casey,M,2709
1907,Casey,F,1503
1907,Casey,M,3283
1908,Casey,F,1410
1908,Casey,M,3050
1909,Casey,F,1517
1909,Casey,M,3252
1910,Casey,F,1681
1910,Casey,M,3571
1911,Casey,F,1461
1911,Casey,M,3075
1912,Casey,F,1475
1912,Casey,M,3075
1913,Casey,F,1545
1913,Casey,M,3191
1914,Casey,F,1647
1914,Casey,M,3371
1915,Casey,F,1522
1915,Casey,M,3087
1916,Casey,F,1537
1916,Casey,M,3088
1917,Casey,F,1721
1917,Casey,M,3428
1918,Casey,F,1677
1918,Casey,M,3311
1919,Casey,F,1458
1919,Casey,M,2852
1920,Casey,F,1560
1920,Casey,M,3024
1921,Casey,F,1860
1921,Casey,M,3573
1922,Casey,F,1770
1922,Casey,M,3371
1923,Casey,F,1671
1923,Casey,M,3154
1924,Casey,F,1756
1924,Casey,M,3285
1925,Casey,F,1799
1925,Casey,M,3335
1926,Casey,F,1901
1926,Casey,M,3494
1927,Casey,F,1694
1927,Casey,M,3086
1928,Casey,F,1774
1928,Casey,M,3202
1929,Casey,F,1923
1929,Casey,M,3442
1930,Casey,F,1905
1930,Casey,M,3379
1931,Casey,F,2007
1931,Casey,M,3530
1932,Casey,F,1820
1932,Casey,M,3173
1933,Casey,F,2032
1933,Casey,M,3513
1934,Casey,F,2147
1934,Casey,M,3678
1935,Casey,F,2100
1935,Casey,M,3566
1936,Casey,F,2083
1936,Casey,M,3507
1937,Casey,F,2079
1937,Casey,M,3471
1938,Casey,F,2010
1938,Casey,M,3328
1939,Casey,F,2133
1939,Casey,M,3501
1940,Casey,F,2332
1940,Casey,M,3795
1941,Casey,F,2179
1941,Casey,M,3515
1942,Casey,F,2103
1942,Casey,M,3363
1943,Casey,F,2181
1943,Casey,M,3460
1944,Casey,F,2302
1944,Casey,M,3619
1945,Casey,F,2249
1945,Casey,M,3508
1946,Casey,F,2396
1946,Casey,M,3705
1947,Casey,F,2429
1947,Casey,M,3724
1948,Casey,F,2510
1948,Casey,M,3815
1949,Casey,F,2616
1949,Casey,M,3943
1950,Casey,F,2583
1950,Casey,M,3861
1951,Casey,F,2327
1951,Casey,M,3449
1952,Casey,F,2357
1952,Casey,M,3466
1953,Casey,F,2509
1953,Casey,M,3657
1954,Casey,F,2479
1954,Casey,M,3583
1955,Casey,F,2400
1955,Casey,M,3440
1956,Casey,F,2534
1956,Casey,M,3604
1957,Casey,F,2556
1957,Casey,M,3604
1958,Casey,F,2552
1958,Casey,M,3568
1959,Casey,F,2636
1959,Casey,M,3655
1960,Casey,F,2906
1960,Casey,M,3997
1961,Casey,F,2775
1961,Casey,M,3785
1962,Casey,F,3180
1962,Casey,M,4303
1963,Casey,F,2826
1963,Casey,M,3791
1964,Casey,F,2775
1964,Casey,M,3693
1965,Casey,F,2852
1965,Casey,M,3764
1966,Casey,F,2922
1966,Casey,M,3826
1967,Casey,F,2981
1967,Casey,M,3870
1968,Casey,F,3297
1968,Casey,M,4245
1969,Casey,F,2808
1969,Casey,M,3586
1970,Casey,F,3137
1970,Casey,M,3975
1971,Casey,F,3047
1971,Casey,M,3828
1972,Casey,F,2748
1972,Casey,M,3425
1973,Casey,F,3200
1973,Casey,M,3956
1974,Casey,F,3317
1974,Casey,M,4068
1975,Casey,F,2947
1975,Casey,M,3584
1976,Casey,F,3128
1976,Casey,M,3773
1977,Casey,F,2826
1977,Casey,M,3381
1978,Casey,F,2934
1978,Casey,M,3482
1979,Casey,F,3395
1979,Casey,M,3998
1980,Casey,F,3124
1980,Casey,M,3649
1981,Casey,F,3018
1981,Casey,M,3497
1982,Casey,F,3296
1982,Casey,M,3788
1983,Casey,F,3166
1983,Casey,M,3609
1984,Casey,F,3192
1984,Casey,M,3609
1985,Casey,F,3446
1985,Casey,M,3865
1986,Casey,F,3082
1986,Casey,M,3429
1987,Casey,F,3145
1987,Casey,M,3470
1988,Casey,F,3367
1988,Casey,M,3686
1989,Casey,F,3541
1989,Casey,M,3844
1990,Casey,F,3604
1990,Casey,M,3882
1991,Casey,F,3229
1991,Casey,M,3449
1992,Casey,F,3559
1992,Casey,M,3772
1993,Casey,F,3217
1993,Casey,M,3381
1994,Casey,F,3750
1994,Casey,M,3911
1995,Casey,F,3154
1995,Casey,M,3262
1996,Casey,F,3657
1996,Casey,M,3753
1997,Casey,F,3256
1997,Casey,M,3314
1998,Casey,F,3801
1998,Casey,M,3838
1999,Casey,F,3513
1999,Casey,M,3518
2000,Casey,F,3186
2000,Casey,M,3165
2001,Casey,F,3286
2001,Casey,M,3238
2002,Casey,F,3550
2002,Casey,M,3471
2003,Casey,F,3603
2003,Casey,M,3495
2004,Casey,F,3373
2004,Casey,M,3245
2005,Casey,F,3394
2005,Casey,M,3238
2006,Casey,F,3535
2006,Casey,M,3347
2007,Casey,F,3405
2007,Casey,M,3197
2008,Casey,F,3112
2008,Casey,M,2899
2009,Casey,F,3205
2009,Casey,M,2961
2010,Casey,F,3412
2010,Casey,M,3127
2011,Casey,F,3604
2011,Casey,M,3276
2012,Casey,F,3678
2012,Casey,M,3317
2013,Casey,F,3504
2013,Casey,M,3134
2014,Casey,F,3398
2014,Casey,M,3015
2015,Casey,F,3484
2015,Casey,M,3066
2016,Casey,F,3194
2016,Casey,M,2788
2017,Casey,F,3289
2017,Casey,M,2848
2018,Casey,F,3148
2018,Casey,M,2704
2019,Casey,F,3056
2019,Casey,M,2604
2020,Casey,F,3361
2020,Casey,M,2841
2021,Casey,F,3324
2021,Casey,M,2786
2022,Casey,F,3413
2022,Casey,M,2839
2023,Casey,F,3377
2023,Casey,M,2785
2024,Casey,F,3308
2024,Casey,M,2706
1900,Emily,F,10346
1901,Emily,F,10183
1902,Emily,F,9343
1903,Emily,F,8978
1904,Emily,F,8198
1905,Emily,F,9748
1906,Emily,F,11662
1907,Emily,F,10560
1908,Emily,F,10051
1909,Emily,F,10804
1910,Emily,F,9628
1911,Emily,F,10545
1912,Emily,F,10916
1913,Emily,F,10911
1914,Emily,F,11611
1915,Emily,F,11436
1916,Emily,F,11779
1917,Emily,F,10974
1918,Emily,F,12194
1919,Emily,F,12839
1920,Emily,F,11135
1921,Emily,F,11315
1922,Emily,F,13050
1923,Emily,F,12073
1924,Emily,F,13387
1925,Emily,F,12150
1926,Emily,F,13720
1927,Emily,F,12857
1928,Emily,F,13096
1929,Emily,F,14262
1930,Emily,F,12896
1931,Emily,F,12575
1932,Emily,F,13111
1933,Emily,F,13992
1934,Emily,F,12479
1935,Emily,F,14458
1936,Emily,F,13625
1937,Emily,F,15216
1938,Emily,F,12326
1939,Emily,F,13866
1940,Emily,F,13225
1941,Emily,F,14140
1942,Emily,F,15266
1943,Emily,F,15046
1944,Emily,F,15145
1945,Emily,F,15400
1946,Emily,F,15913
1947,Emily,F,14934
1948,Emily,F,16753
1949,Emily,F,16896
1950,Emily,F,16809
1951,Emily,F,17166
1952,Emily,F,17093
1953,Emily,F,19053
1954,Emily,F,17077
1955,Emily,F,17035
1956,Emily,F,16752
1957,Emily,F,16638
1958,Emily,F,16591
1959,Emily,F,17158
1960,Emily,F,18243
1961,Emily,F,18890
1962,Emily,F,18775
1963,Emily,F,18049
1964,Emily,F,20152
1965,Emily,F,20179
1966,Emily,F,19338
1967,Emily,F,18957
1968,Emily,F,20590
1969,Emily,F,20367
1970,Emily,F,18578
1971,Emily,F,20469
1972,Emily,F,21085
1973,Emily,F,19833
1974,Emily,F,21412
1975,Emily,F,19511
1976,Emily,F,23311
1977,Emily,F,23416
1978,Emily,F,21654
1979,Emily,F,22671
1980,Emily,F,19149
1981,Emily,F,21015
1982,Emily,F,22373
1983,Emily,F,21487
1984,Emily,F,24143
1985,Emily,F,26129
1986,Emily,F,21850
1987,Emily,F,22491
1988,Emily,F,24183
1989,Emily,F,26324
1990,Emily,F,22383
1991,Emily,F,24659
1992,Emily,F,27098
1993,Emily,F,22117
1994,Emily,F,22764
1995,Emily,F,24128
1996,Emily,F,24064
1997,Emily,F,26122
1998,Emily,F,25319
1999,Emily,F,22328
2000,Emily,F,25773
2001,Emily,F,24123
2002,Emily,F,26866
2003,Emily,F,23969
2004,Emily,F,23891
2005,Emily,F,25561
2006,Emily,F,25789
2007,Emily,F,25210
2008,Emily,F,21958
2009,Emily,F,25080
2010,Emily,F,22655
2011,Emily,F,24343
2012,Emily,F,21809
2013,Emily,F,24315
2014,Emily,F,22372
2015,Emily,F,21537
2016,Emily,F,24142
2017,Emily,F,23298
2018,Emily,F,21936
2019,Emily,F,24548
2020,Emily,F,21794
2021,Emily,F,22230
2022,Emily,F,22342
2023,Emily,F,20975
2024,Emily,F,22191
1900,Emma,F,4634
1901,Emma,F,4724
1902,Emma,F,5302
1903,Emma,F,4649
1904,Emma,F,4291
1905,Emma,F,5568
1906,Emma,F,5924
1907,Emma,F,5073
1908,Emma,F,4651
1909,Emma,F,5226
1910,Emma,F,5297
1911,Emma,F,5393
1912,Emma,F,5153
1913,Emma,F,5783
1914,Emma,F,5835
1915,Emma,F,5213
1916,Emma,F,6040
1917,Emma,F,6591
1918,Emma,F,6002
1919,Emma,F,5893
1920,Emma,F,6037
1921,Emma,F,6393
1922,Emma,F,5594
1923,Emma,F,6383
1924,Emma,F,6250
1925,Emma,F,7199
1926,Emma,F,6494
1927,Emma,F,7311
1928,Emma,F,6284
1929,Emma,F,7056
1930,Emma,F,7035
1931,Emma,F,6627
1932,Emma,F,7157
1933,Emma,F,7694
1934,Emma,F,7124
1935,Emma,F,6612
1936,Emma,F,7447
1937,Emma,F,7143
1938,Emma,F,7494
1939,Emma,F,7713
1940,Emma,F,7049
1941,Emma,F,7185
1942,Emma,F,8295
1943,Emma,F,7912
1944,Emma,F,7003
1945,Emma,F,8781
1946,Emma,F,8637
1947,Emma,F,8243
1948,Emma,F,8038
1949,Emma,F,9288
1950,Emma,F,9151
1951,Emma,F,10383
1952,Emma,F,9439
1953,Emma,F,9549
1954,Emma,F,9364
1955,Emma,F,10057
1956,Emma,F,10082
1957,Emma,F,10590
1958,Emma,F,9673
1959,Emma,F,9858
1960,Emma,F,9966
1961,Emma,F,10896
1962,Emma,F,11494
1963,Emma,F,10397
1964,Emma,F,10562
1965,Emma,F,11195
1966,Emma,F,10976
1967,Emma,F,11940
1968,Emma,F,9904
1969,Emma,F,11034
1970,Emma,F,11219
1971,Emma,F,10273
1972,Emma,F,11401
1973,Emma,F,11595
1974,Emma,F,12289
1975,Emma,F,13454
1976,Emma,F,12599
1977,Emma,F,12162
1978,Emma,F,13099
1979,Emma,F,14164
1980,Emma,F,12718
1981,Emma,F,12947
1982,Emma,F,14349
1983,Emma,F,13887
1984,Emma,F,14821
1985,Emma,F,14449
1986,Emma,F,15274
1987,Emma,F,13932
1988,Emma,F,15043
1989,Emma,F,15062
1990,Emma,F,14330
1991,Emma,F,14192
1992,Emma,F,16518
1993,Emma,F,15732
1994,Emma,F,15278
1995,Emma,F,16388
1996,Emma,F,17819
1997,Emma,F,14584
1998,Emma,F,15566
1999,Emma,F,16347
2000,Emma,F,19044
2001,Emma,F,18010
2002,Emma,F,18733
2003,Emma,F,16866
2004,Emma,F,17067
2005,Emma,F,18980
2006,Emma,F,18731
2007,Emma,F,19462
2008,Emma,F,18797
2009,Emma,F,19492
2010,Emma,F,19507
2011,Emma,F,20372
2012,Emma,F,20541
2013,Emma,F,17791
2014,Emma,F,17135
2015,Emma,F,21082
2016,Emma,F,21369
2017,Emma,F,18763
2018,Emma,F,17768
2019,Emma,F,20105
2020,Emma,F,21062
2021,Emma,F,22032
2022,Emma,F,20419
2023,Emma,F,19267
2024,Emma,F,18542
1900,Ethan,M,4979
1901,Ethan,M,5347
1902,Ethan,M,5660
1903,Ethan,M,4720
1904,Ethan,M,5921
1905,Ethan,M,5243
1906,Ethan,M,5827
1907,Ethan,M,5870
1908,Ethan,M,6238
1909,Ethan,M,6126
1910,Ethan,M,5148
1911,Ethan,M,5793
1912,Ethan,M,6207
1913,Ethan,M,6161
1914,Ethan,M,6494
1915,Ethan,M,6696
1916,Ethan,M,6711
1917,Ethan,M,6474
1918,Ethan,M,5906
1919,Ethan,M,6543
1920,Ethan,M,6984
1921,Ethan,M,6450
1922,Ethan,M,7256
1923,Ethan,M,7468
1924,Ethan,M,7229
1925,Ethan,M,5932
1926,Ethan,M,6799
1927,Ethan,M,8305
1928,Ethan,M,7311
1929,Ethan,M,6747
1930,Ethan,M,8335
1931,Ethan,M,7869
1932,Ethan,M,8495
1933,Ethan,M,8208
1934,Ethan,M,8406
1935,Ethan,M,8471
1936,Ethan,M,8754
1937,Ethan,M,9679
1938,Ethan,M,9133
1939,Ethan,M,7917
1940,Ethan,M,9103
1941,Ethan,M,9601
1942,Ethan,M,9765
1943,Ethan,M,8996
1944,Ethan,M,10012
1945,Ethan,M,10014
1946,Ethan,M,11100
1947,Ethan,M,9309
1948,Ethan,M,9581
1949,Ethan,M,9834
1950,Ethan,M,9858
1951,Ethan,M,9747
1952,Ethan,M,8709
1953,Ethan,M,10307
1954,Ethan,M,10968
1955,Ethan,M,10557
1956,Ethan,M,12311
1957,Ethan,M,11192
1958,Ethan,M,12216
1959,Ethan,M,11676
1960,Ethan,M,12233
1961,Ethan,M,12015
1962,Ethan,M,12965
1963,Ethan,M,12188
1964,Ethan,M,12683
1965,Ethan,M,12761
1966,Ethan,M,12440
1967,Ethan,M,13146
1968,Ethan,M,14755
1969,Ethan,M,12976
1970,Ethan,M,13707
1971,Ethan,M,14576
1972,Ethan,M,14677
1973,Ethan,M,13934
1974,Ethan,M,12094
1975,Ethan,M,14745
1976,Ethan,M,12562
1977,Ethan,M,15980
1978,Ethan,M,15029
1979,Ethan,M,15976
1980,Ethan,M,14441
1981,Ethan,M,14023
1982,Ethan,M,15904
1983,Ethan,M,15823
1984,Ethan,M,15578
1985,Ethan,M,16329
1986,Ethan,M,19170
1987,Ethan,M,17466
1988,Ethan,M,17884
1989,Ethan,M,17875
1990,Ethan,M,18726
1991,Ethan,M,17183
1992,Ethan,M,15395
1993,Ethan,M,17532
1994,Ethan,M,18772
1995,Ethan,M,17010
1996,Ethan,M,18021
1997,Ethan,M,17595
1998,Ethan,M,20157
1999,Ethan,M,19450
2000,Ethan,M,19453
2001,Ethan,M,19517
2002,Ethan,M,18850
2003,Ethan,M,19175
2004,Ethan,M,17637
2005,Ethan,M,16507
2006,Ethan,M,19158
2007,Ethan,M,19319
2008,Ethan,M,20263
2009,Ethan,M,20589
2010,Ethan,M,20485
2011,Ethan,M,17498
2012,Ethan,M,18100
2013,Ethan,M,18886
2014,Ethan,M,20980
2015,Ethan,M,19664
2016,Ethan,M,19102
2017,Ethan,M,17320
2018,Ethan,M,16629
2019,Ethan,M,18204
2020,Ethan,M,16063
2021,Ethan,M,16770
2022,Ethan,M,16709
2023,Ethan,M,18223
2024,Ethan,M,16091
1900,Isabella,F,3444
1901,Isabella,F,3957
1902,Isabella,F,3964
1903,Isabella,F,4051
1904,Isabella,F,4129
1905,Isabella,F,4254
1906,Isabella,F,4501
1907,Isabella,F,4034
1908,Isabella,F,4078
1909,Isabella,F,4160
1910,Isabella,F,4597
1911,Isabella,F,4930
1912,Isabella,F,4536
1913,Isabella,F,4018
1914,Isabella,F,4309
1915,Isabella,F,4629
1916,Isabella,F,4782
1917,Isabella,F,4901
1918,Isabella,F,5113
1919,Isabella,F,5084
1920,Isabella,F,5593
1921,Isabella,F,5127
1922,Isabella,F,5147
1923,Isabella,F,5672
1924,Isabella,F,5085
1925,Isabella,F,5823
1926,Isabella,F,5816
1927,Isabella,F,5821
1928,Isabella,F,6536
1929,Isabella,F,5837
1930,Isabella,F,6924
1931,Isabella,F,6177
1932,Isabella,F,5877
1933,Isabella,F,6496
1934,Isabella,F,6150
1935,Isabella,F,6382
1936,Isabella,F,6956
1937,Isabella,F,7137
1938,Isabella,F,6760
1939,Isabella,F,7563
1940,Isabella,F,7764
1941,Isabella,F,8019
1942,Isabella,F,7746
1943,Isabella,F,8260
1944,Isabella,F,6889
1945,Isabella,F,7748
1946,Isabella,F,7617
1947,Isabella,F,8232
1948,Isabella,F,8030
1949,Isabella,F,8375
1950,Isabella,F,9579
1951,Isabella,F,8669
1952,Isabella,F,9133
1953,Isabella,F,8943
1954,Isabella,F,9271
1955,Isabella,F,9397
1956,Isabella,F,9818
1957,Isabella,F,10412
1958,Isabella,F,10885
1959,Isabella,F,10271
1960,Isabella,F,10629
1961,Isabella,F,9730
1962,Isabella,F,10585
1963,Isabella,F,11446
1964,Isabella,F,11605
1965,Isabella,F,11376
1966,Isabella,F,12048
1967,Isabella,F,11992
1968,Isabella,F,12718
1969,Isabella,F,12292
1970,Isabella,F,12043
1971,Isabella,F,12786
1972,Isabella,F,10520
1973,Isabella,F,13300
1974,Isabella,F,10344
1975,Isabella,F,12094
1976,Isabella,F,14111
1977,Isabella,F,14395
1978,Isabella,F,13260
1979,Isabella,F,13898
1980,Isabella,F,16003
1981,Isabella,F,14622
1982,Isabella,F,17401
1983,Isabella,F,15617
1984,Isabella,F,16295
1985,Isabella,F,17766
1986,Isabella,F,16618
1987,Isabella,F,15776
1988,Isabella,F,16974
1989,Isabella,F,17352
1990,Isabella,F,16246
1991,Isabella,F,17726
1992,Isabella,F,17496
1993,Isabella,F,19654
1994,Isabella,F,18970
1995,Isabella,F,18912
1996,Isabella,F,19421
1997,Isabella,F,20114
1998,Isabella,F,20893
1999,Isabella,F,19214
2000,Isabella,F,19429
2001,Isabella,F,22391
2002,Isabella,F,20736
2003,Isabella,F,19681
2004,Isabella,F,22318
2005,Isabella,F,22557
2006,Isabella,F,20097
2007,Isabella,F,22588
2008,Isabella,F,23387
2009,Isabella,F,22978
2010,Isabella,F,23353
2011,Isabella,F,20580
2012,Isabella,F,22843
2013,Isabella,F,21877
2014,Isabella,F,21488
2015,Isabella,F,23093
2016,Isabella,F,23668
2017,Isabella,F,23825
2018,Isabella,F,22939
2019,Isabella,F,20861
2020,Isabella,F,21163
2021,Isabella,F,21380
2022,Isabella,F,20294
2023,Isabella,F,20004
2024,Isabella,F,20511
1900,Jacob,M,9404
1901,Jacob,M,11161
1902,Jacob,M,12001
1903,Jacob,M,11898
1904,Jacob,M,10014
1905,Jacob,M,11724
1906,Jacob,M,12347
1907,Jacob,M,11204
1908,Jacob,M,11736
1909,Jacob,M,10389
1910,Jacob,M,12153
1911,Jacob,M,11341
1912,Jacob,M,12415
1913,Jacob,M,11261
1914,Jacob,M,12995
1915,Jacob,M,13530
1916,Jacob,M,12304
1917,Jacob,M,12185
1918,Jacob,M,11533
1919,Jacob,M,13205
1920,Jacob,M,13120
1921,Jacob,M,12490
1922,Jacob,M,14331
1923,Jacob,M,13754
1924,Jacob,M,13397
1925,Jacob,M,14028
1926,Jacob,M,15648
1927,Jacob,M,15436
1928,Jacob,M,14978
1929,Jacob,M,15865
1930,Jacob,M,14422
1931,Jacob,M,15740
1932,Jacob,M,16061
1933,Jacob,M,15679
1934,Jacob,M,16779
1935,Jacob,M,15797
1936,Jacob,M,17311
1937,Jacob,M,17589
1938,Jacob,M,14236
1939,Jacob,M,18741
1940,Jacob,M,14489
1941,Jacob,M,17309
1942,Jacob,M,19341
1943,Jacob,M,18118
1944,Jacob,M,17077
1945,Jacob,M,17736
1946,Jacob,M,20429
1947,Jacob,M,17260
1948,Jacob,M,21119
1949,Jacob,M,19986
1950,Jacob,M,18876
1951,Jacob,M,19891
1952,Jacob,M,19623
1953,Jacob,M,22290
1954,Jacob,M,22427
1955,Jacob,M,19534
1956,Jacob,M,21549
1957,Jacob,M,21231
1958,Jacob,M,24463
1959,Jacob,M,21152
1960,Jacob,M,25582
1961,Jacob,M,23611
1962,Jacob,M,22314
1963,Jacob,M,23329
1964,Jacob,M,23466
1965,Jacob,M,23080
1966,Jacob,M,25477
1967,Jacob,M,23788
1968,Jacob,M,22624
1969,Jacob,M,25781
1970,Jacob,M,23846
1971,Jacob,M,25874
1972,Jacob,M,25961
1973,Jacob,M,26369
1974,Jacob,M,31574
1975,Jacob,M,28655
1976,Jacob,M,29353
1977,Jacob,M,26176
1978,Jacob,M,28506
1979,Jacob,M,30429
1980,Jacob,M,28543
1981,Jacob,M,32459
1982,Jacob,M,28902
1983,Jacob,M,30974
1984,Jacob,M,30757
1985,Jacob,M,32553
1986,Jacob,M,31335
1987,Jacob,M,32398
1988,Jacob,M,32799
1989,Jacob,M,32118
1990,Jacob,M,34903
1991,Jacob,M,34710
1992,Jacob,M,34326
1993,Jacob,M,33884
1994,Jacob,M,36710
1995,Jacob,M,34767
1996,Jacob,M,34820
1997,Jacob,M,35874
1998,Jacob,M,39440
1999,Jacob,M,33018
2000,Jacob,M,37637
2001,Jacob,M,31911
2002,Jacob,M,36445
2003,Jacob,M,39299
2004,Jacob,M,36846
2005,Jacob,M,36015
2006,Jacob,M,34279
2007,Jacob,M,35332
2008,Jacob,M,34505
2009,Jacob,M,33142
2010,Jacob,M,33909
2011,Jacob,M,34627
2012,Jacob,M,32355
2013,Jacob,M,31973
2014,Jacob,M,30555
2015,Jacob,M,33705
2016,Jacob,M,33654
2017,Jacob,M,32684
2018,Jacob,M,33724
2019,Jacob,M,31682
2020,Jacob,M,31883
2021,Jacob,M,31343
2022,Jacob,M,30245
2023,Jacob,M,29084
2024,Jacob,M,33611
1900,James,M,62156
1901,James,M,50192
1902,James,M,64204
1903,James,M,60137
1904,James,M,62831
1905,James,M,54881
1906,James,M,56452
1907,James,M,60132
1908,James,M,59745
1909,James,M,61019
1910,James,M,64109
1911,James,M,53987
1912,James,M,64110
1913,James,M,60788
1914,James,M,60197
1915,James,M,55729
1916,James,M,63154
1917,James,M,52576
1918,James,M,64055
1919,James,M,56294
1920,James,M,62198
1921,James,M,61721
1922,James,M,66703
1923,James,M,61820
1924,James,M,60038
1925,James,M,60892
1926,James,M,67759
1927,James,M,65128
1928,James,M,61777
1929,James,M,62480
1930,James,M,57541
1931,James,M,65127
1932,James,M,57036
1933,James,M,66771
1934,James,M,64499
1935,James,M,73298
1936,James,M,59982
1937,James,M,63924
1938,James,M,71365
1939,James,M,69113
1940,James,M,61886
1941,James,M,65528
1942,James,M,64735
1943,James,M,65885
1944,James,M,62125
1945,James,M,64542
1946,James,M,58703
1947,James,M,65486
1948,James,M,66736
1949,James,M,64109
1950,James,M,58701
1951,James,M,68850
1952,James,M,66403
1953,James,M,62130
1954,James,M,63835
1955,James,M,59047
1956,James,M,60854
1957,James,M,62698
1958,James,M,69498
1959,James,M,62178
1960,James,M,67065
1961,James,M,62419
1962,James,M,65373
1963,James,M,63775
1964,James,M,67585
1965,James,M,62058
1966,James,M,57966
1967,James,M,58592
1968,James,M,61734
1969,James,M,58874
1970,James,M,65077
1971,James,M,61608
1972,James,M,72251
1973,James,M,56519
1974,James,M,63720
1975,James,M,58551
1976,James,M,60792
1977,James,M,63020
1978,James,M,53633
1979,James,M,63049
1980,James,M,69077
1981,James,M,60147
1982,James,M,62618
1983,James,M,65263
1984,James,M,60701
1985,James,M,58994
1986,James,M,52621
1987,James,M,63094
1988,James,M,60160
1989,James,M,56713
1990,James,M,60649
1991,James,M,57899
1992,James,M,57910
1993,James,M,61779
1994,James,M,54642
1995,James,M,62936
1996,James,M,54066
1997,James,M,56475
1998,James,M,65374
1999,James,M,62358
2000,James,M,58544
2001,James,M,54724
2002,James,M,55955
2003,James,M,57836
2004,James,M,57504
2005,James,M,56854
2006,James,M,56851
2007,James,M,56016
2008,James,M,51643
2009,James,M,54577
2010,James,M,59190
2011,James,M,51309
2012,James,M,55052
2013,James,M,52744
2014,James,M,55628
2015,James,M,53761
2016,James,M,59691
2017,James,M,56276
2018,James,M,50120
2019,James,M,56370
2020,James,M,51464
2021,James,M,51897
2022,James,M,54552
2023,James,M,51755
2024,James,M,55960
1900,Jennifer,F,31593
1901,Jennifer,F,33273
1902,Jennifer,F,36318
1903,Jennifer,F,31243
1904,Jennifer,F,33022
1905,Jennifer,F,35402
1906,Jennifer,F,35028
1907,Jennifer,F,33675
1908,Jennifer,F,34492
1909,Jennifer,F,32197
1910,Jennifer,F,34910
1911,Jennifer,F,35172
1912,Jennifer,F,36576
1913,Jennifer,F,35194
1914,Jennifer,F,37782
1915,Jennifer,F,39335
1916,Jennifer,F,37773
1917,Jennifer,F,38566
1918,Jennifer,F,38238
1919,Jennifer,F,38467
1920,Jennifer,F,37140
1921,Jennifer,F,39921
1922,Jennifer,F,39306
1923,Jennifer,F,44909
1924,Jennifer,F,44064
1925,Jennifer,F,41571
1926,Jennifer,F,39123
1927,Jennifer,F,38611
1928,Jennifer,F,44731
1929,Jennifer,F,42789
1930,Jennifer,F,43729
1931,Jennifer,F,38397
1932,Jennifer,F,45678
1933,Jennifer,F,44847
1934,Jennifer,F,41110
1935,Jennifer,F,43178
1936,Jennifer,F,45536
1937,Jennifer,F,45362
1938,Jennifer,F,44814
1939,Jennifer,F,45724
1940,Jennifer,F,45705
1941,Jennifer,F,47233
1942,Jennifer,F,51370
1943,Jennifer,F,40271
1944,Jennifer,F,47319
1945,Jennifer,F,48912
1946,Jennifer,F,49665
1947,Jennifer,F,48099
1948,Jennifer,F,44366
1949,Jennifer,F,50973
1950,Jennifer,F,55605
1951,Jennifer,F,46102
1952,Jennifer,F,53817
1953,Jennifer,F,50535
1954,Jennifer,F,51744
1955,Jennifer,F,49009
1956,Jennifer,F,51632
1957,Jennifer,F,57198
1958,Jennifer,F,55291
1959,Jennifer,F,59371
1960,Jennifer,F,57955
1961,Jennifer,F,55909
1962,Jennifer,F,60543
1963,Jennifer,F,56585
1964,Jennifer,F,58201
1965,Jennifer,F,54756
1966,Jennifer,F,56261
1967,Jennifer,F,53957
1968,Jennifer,F,59933
1969,Jennifer,F,52801
1970,Jennifer,F,59722
1971,Jennifer,F,56596
1972,Jennifer,F,61473
1973,Jennifer,F,60194
1974,Jennifer,F,64044
1975,Jennifer,F,60385
1976,Jennifer,F,52467
1977,Jennifer,F,57749
1978,Jennifer,F,53921
1979,Jennifer,F,56179
1980,Jennifer,F,63184
1981,Jennifer,F,60061
1982,Jennifer,F,55316
1983,Jennifer,F,54096
1984,Jennifer,F,57549
1985,Jennifer,F,53072
1986,Jennifer,F,54747
1987,Jennifer,F,57882
1988,Jennifer,F,60495
1989,Jennifer,F,58370
1990,Jennifer,F,48334
1991,Jennifer,F,56766
1992,Jennifer,F,55686
1993,Jennifer,F,56501
1994,Jennifer,F,60123
1995,Jennifer,F,47730
1996,Jennifer,F,52212
1997,Jennifer,F,55688
1998,Jennifer,F,48353
1999,Jennifer,F,57758
2000,Jennifer,F,53854
2001,Jennifer,F,54972
2002,Jennifer,F,50156
2003,Jennifer,F,54069
2004,Jennifer,F,54445
2005,Jennifer,F,51485
2006,Jennifer,F,51092
2007,Jennifer,F,50800
2008,Jennifer,F,47024
2009,Jennifer,F,48761
2010,Jennifer,F,48352
2011,Jennifer,F,49513
2012,Jennifer,F,50880
2013,Jennifer,F,44578
2014,Jennifer,F,46849
2015,Jennifer,F,50965
2016,Jennifer,F,44336
2017,Jennifer,F,43740
2018,Jennifer,F,46168
2019,Jennifer,F,47510
2020,Jennifer,F,44857
2021,Jennifer,F,47978
2022,Jennifer,F,46309
2023,Jennifer,F,45862
2024,Jennifer,F,44709
1900,Jessica,F,17641
1901,Jessica,F,15483
1902,Jessica,F,13968
1903,Jessica,F,17628
1904,Jessica,F,15840
1905,Jessica,F,16604
1906,Jessica,F,18023
1907,Jessica,F,15300
1908,Jessica,F,15859
1909,Jessica,F,15701
1910,Jessica,F,16759
1911,Jessica,F,18298
1912,Jessica,F,18630
1913,Jessica,F,18603
1914,Jessica,F,16969
1915,Jessica,F,16183
1916,Jessica,F,19098
1917,Jessica,F,18743
1918,Jessica,F,20085
1919,Jessica,F,20642
1920,Jessica,F,20239
1921,Jessica,F,21270
1922,Jessica,F,20899
1923,Jessica,F,21558
1924,Jessica,F,20281
1925,Jessica,F,21232
1926,Jessica,F,22012
1927,Jessica,F,23136
1928,Jessica,F,21823
1929,Jessica,F,23365
1930,Jessica,F,22600
1931,Jessica,F,23117
1932,Jessica,F,24775
1933,Jessica,F,21064
1934,Jessica,F,22368
1935,Jessica,F,22402
1936,Jessica,F,21438
1937,Jessica,F,24245
1938,Jessica,F,26775
1939,Jessica,F,25534
1940,Jessica,F,26651
1941,Jessica,F,28449
1942,Jessica,F,29231
1943,Jessica,F,27336
1944,Jessica,F,30092
1945,Jessica,F,28374
1946,Jessica,F,27173
1947,Jessica,F,27973
1948,Jessica,F,26797
1949,Jessica,F,28229
1950,Jessica,F,29581
1951,Jessica,F,32126
1952,Jessica,F,34280
1953,Jessica,F,28887
1954,Jessica,F,32685
1955,Jessica,F,30349
1956,Jessica,F,33747
1957,Jessica,F,32998
1958,Jessica,F,30007
1959,Jessica,F,36068
1960,Jessica,F,33367
1961,Jessica,F,33963
1962,Jessica,F,33270
1963,Jessica,F,34606
1964,Jessica,F,37427
1965,Jessica,F,36543
1966,Jessica,F,38175
1967,Jessica,F,38735
1968,Jessica,F,41428
1969,Jessica,F,38061
1970,Jessica,F,35847
1971,Jessica,F,42352
1972,Jessica,F,39469
1973,Jessica,F,43457
1974,Jessica,F,42137
1975,Jessica,F,41312
1976,Jessica,F,42962
1977,Jessica,F,47489
1978,Jessica,F,48282
1979,Jessica,F,43517
1980,Jessica,F,44146
1981,Jessica,F,46943
1982,Jessica,F,42189
1983,Jessica,F,45662
1984,Jessica,F,44993
1985,Jessica,F,46179
1986,Jessica,F,43275
1987,Jessica,F,41377
1988,Jessica,F,40173
1989,Jessica,F,42887
1990,Jessica,F,44734
1991,Jessica,F,45160
1992,Jessica,F,51213
1993,Jessica,F,48775
1994,Jessica,F,42923
1995,Jessica,F,46271
1996,Jessica,F,43962
1997,Jessica,F,44003
1998,Jessica,F,44938
1999,Jessica,F,45734
2000,Jessica,F,42836
2001,Jessica,F,46103
2002,Jessica,F,39990
2003,Jessica,F,42529
2004,Jessica,F,48640
2005,Jessica,F,42197
2006,Jessica,F,44732
2007,Jessica,F,40956
2008,Jessica,F,41673
2009,Jessica,F,39667
2010,Jessica,F,38931
2011,Jessica,F,37043
2012,Jessica,F,39377
2013,Jessica,F,35974
2014,Jessica,F,38932
2015,Jessica,F,39370
2016,Jessica,F,37293
2017,Jessica,F,35401
2018,Jessica,F,36520
2019,Jessica,F,34437
2020,Jessica,F,36568
2021,Jessica,F,30411
2022,Jessica,F,33032
2023,Jessica,F,29287
2024,Jessica,F,29869
1900,John,M,93928
1901,John,M,97014
1902,John,M,84801
1903,John,M,90805
1904,John,M,85424
1905,John,M,86052
1906,John,M,93688
1907,John,M,89415
1908,John,M,99071
1909,John,M,87185
1910,John,M,95235
1911,John,M,90427
1912,John,M,94238
1913,John,M,87561
1914,John,M,89726
1915,John,M,89376
1916,John,M,85479
1917,John,M,93549
1918,John,M,93453
1919,John,M,93103
1920,John,M,98133
1921,John,M,97590
1922,John,M,87690
1923,John,M,91629
1924,John,M,86178
1925,John,M,89549
1926,John,M,86097
1927,John,M,97859
1928,John,M,91003
1929,John,M,87758
1930,John,M,95133
1931,John,M,77081
1932,John,M,77772
1933,John,M,92511
1934,John,M,88441
1935,John,M,89263
1936,John,M,80772
1937,John,M,87442
1938,John,M,97868
1939,John,M,91474
1940,John,M,87841
1941,John,M,84457
1942,John,M,84476
1943,John,M,75277
1944,John,M,87406
1945,John,M,90199
1946,John,M,77516
1947,John,M,81983
1948,John,M,79216
1949,John,M,79966
1950,John,M,84905
1951,John,M,73828
1952,John,M,87226
1953,John,M,87661
1954,John,M,82347
1955,John,M,70938
1956,John,M,78110
1957,John,M,88934
1958,John,M,68780
1959,John,M,80549
1960,John,M,76185
1961,John,M,85657
1962,John,M,78136
1963,John,M,83121
1964,John,M,83616
1965,John,M,89467
1966,John,M,79326
1967,John,M,81823
1968,John,M,72626
1969,John,M,85116
1970,John,M,75541
1971,John,M,76209
1972,John,M,78466
1973,John,M,70938
1974,John,M,79056
1975,John,M,82202
1976,John,M,78758
1977,John,M,69752
1978,John,M,76237
1979,John,M,79918
1980,John,M,67628
1981,John,M,71024
1982,John,M,79600
1983,John,M,76546
1984,John,M,76883
1985,John,M,83069
1986,John,M,76527
1987,John,M,77064
1988,John,M,85850
1989,John,M,72599
1990,John,M,69739
1991,John,M,74821
1992,John,M,74566
1993,John,M,70069
1994,John,M,67596
1995,John,M,81710
1996,John,M,72870
1997,John,M,68046
1998,John,M,74774
1999,John,M,70122
2000,John,M,69224
2001,John,M,72359
2002,John,M,64301
2003,John,M,70881
2004,John,M,77054
2005,John,M,70754
2006,John,M,66992
2007,John,M,66172
2008,John,M,66286
2009,John,M,66640
2010,John,M,65856
2011,John,M,70785
2012,John,M,59862
2013,John,M,69965
2014,John,M,64730
2015,John,M,67447
2016,John,M,61231
2017,John,M,70602
2018,John,M,69974
2019,John,M,68560
2020,John,M,58681
2021,John,M,67466
2022,John,M,65545
2023,John,M,57576
2024,John,M,63344
1900,Jordan,F,300
1900,Jordan,M,5690
1901,Jordan,F,346
1901,Jordan,M,6260
1902,Jordan,F,368
1902,Jordan,M,6350
1903,Jordan,F,340
1903,Jordan,M,5594
1904,Jordan,F,375
1904,Jordan,M,5915
1905,Jordan,F,398
1905,Jordan,M,6010
1906,Jordan,F,391
1906,Jordan,M,5670
1907,Jordan,F,434
1907,Jordan,M,6055
1908,Jordan,F,457
1908,Jordan,M,6126
1909,Jordan,F,510
1909,Jordan,M,6596
1910,Jordan,F,535
1910,Jordan,M,6675
1911,Jordan,F,510
1911,Jordan,M,6151
1912,Jordan,F,536
1912,Jordan,M,6244
1913,Jordan,F,588
1913,Jordan,M,6631
1914,Jordan,F,568
1914,Jordan,M,6203
1915,Jordan,F,634
1915,Jordan,M,6710
1916,Jordan,F,633
1916,Jordan,M,6500
1917,Jordan,F,622
1917,Jordan,M,6205
1918,Jordan,F,646
1918,Jordan,M,6261
1919,Jordan,F,773
1919,Jordan,M,7278
1920,Jordan,F,730
1920,Jordan,M,6689
1921,Jordan,F,838
1921,Jordan,M,7478
1922,Jordan,F,766
1922,Jordan,M,6652
1923,Jordan,F,832
1923,Jordan,M,7041
1924,Jordan,F,967
1924,Jordan,M,7979
1925,Jordan,F,818
1925,Jordan,M,6589
1926,Jordan,F,800
1926,Jordan,M,6286
1927,Jordan,F,1004
1927,Jordan,M,7704
1928,Jordan,F,915
1928,Jordan,M,6853
1929,Jordan,F,992
1929,Jordan,M,7262
1930,Jordan,F,988
1930,Jordan,M,7074
1931,Jordan,F,1073
1931,Jordan,M,7511
1932,Jordan,F,1026
1932,Jordan,M,7028
1933,Jordan,F,1109
1933,Jordan,M,7434
1934,Jordan,F,1186
1934,Jordan,M,7781
1935,Jordan,F,1117
1935,Jordan,M,7177
1936,Jordan,F,1172
1936,Jordan,M,7380
1937,Jordan,F,1233
1937,Jordan,M,7604
1938,Jordan,F,1184
1938,Jordan,M,7159
1939,Jordan,F,1298
1939,Jordan,M,7695
1940,Jordan,F,1379
1940,Jordan,M,8017
1941,Jordan,F,1374
1941,Jordan,M,7833
1942,Jordan,F,1422
1942,Jordan,M,7960
1943,Jordan,F,1484
1943,Jordan,M,8148
1944,Jordan,F,1465
1944,Jordan,M,7901
1945,Jordan,F,1631
1945,Jordan,M,8635
1946,Jordan,F,1746
1946,Jordan,M,9079
1947,Jordan,F,1604
1947,Jordan,M,8192
1948,Jordan,F,1742
1948,Jordan,M,8742
1949,Jordan,F,1711
1949,Jordan,M,8441
1950,Jordan,F,1819
1950,Jordan,M,8822
1951,Jordan,F,1997
1951,Jordan,M,9519
1952,Jordan,F,1928
1952,Jordan,M,9039
1953,Jordan,F,1713
1953,Jordan,M,7900
1954,Jordan,F,2018
1954,Jordan,M,9153
1955,Jordan,F,2161
1955,Jordan,M,9645
1956,Jordan,F,2033
1956,Jordan,M,8930
1957,Jordan,F,2236
1957,Jordan,M,9665
1958,Jordan,F,2071
1958,Jordan,M,8810
1959,Jordan,F,2014
1959,Jordan,M,8435
1960,Jordan,F,2282
1960,Jordan,M,9409
1961,Jordan,F,2071
1961,Jordan,M,8409
1962,Jordan,F,2333
1962,Jordan,M,9334
1963,Jordan,F,2608
1963,Jordan,M,10276
1964,Jordan,F,2192
1964,Jordan,M,8507
1965,Jordan,F,2336
1965,Jordan,M,8934
1966,Jordan,F,2426
1966,Jordan,M,9142
1967,Jordan,F,2632
1967,Jordan,M,9776
1968,Jordan,F,2639
1968,Jordan,M,9664
1969,Jordan,F,2987
1969,Jordan,M,10782
1970,Jordan,F,2974
1970,Jordan,M,10586
1971,Jordan,F,2957
1971,Jordan,M,10376
1972,Jordan,F,2956
1972,Jordan,M,10229
1973,Jordan,F,3060
1973,Jordan,M,10443
1974,Jordan,F,2891
1974,Jordan,M,9733
1975,Jordan,F,3269
1975,Jordan,M,10853
1976,Jordan,F,2957
1976,Jordan,M,9688
1977,Jordan,F,3391
1977,Jordan,M,10959
1978,Jordan,F,3523
1978,Jordan,M,11236
1979,Jordan,F,3392
1979,Jordan,M,10674
1980,Jordan,F,3373
1980,Jordan,M,10478
1981,Jordan,F,3553
1981,Jordan,M,10891
1982,Jordan,F,2923
1982,Jordan,M,8846
1983,Jordan,F,3653
1983,Jordan,M,10914
1984,Jordan,F,3622
1984,Jordan,M,10682
1985,Jordan,F,3694
1985,Jordan,M,10754
1986,Jordan,F,3922
1986,Jordan,M,11274
1987,Jordan,F,3801
1987,Jordan,M,10790
1988,Jordan,F,3608
1988,Jordan,M,10114
1989,Jordan,F,3892
1989,Jordan,M,10778
1990,Jordan,F,3993
1990,Jordan,M,10921
1991,Jordan,F,4054
1991,Jordan,M,10953
1992,Jordan,F,4113
1992,Jordan,M,10977
1993,Jordan,F,4375
1993,Jordan,M,11533
1994,Jordan,F,3888
1994,Jordan,M,10128
1995,Jordan,F,4242
1995,Jordan,M,10916
1996,Jordan,F,4560
1996,Jordan,M,11594
1997,Jordan,F,3819
1997,Jordan,M,9597
1998,Jordan,F,4337
1998,Jordan,M,10768
1999,Jordan,F,4164
1999,Jordan,M,10217
2000,Jordan,F,4240
2000,Jordan,M,10284
2001,Jordan,F,4119
2001,Jordan,M,9874
2002,Jordan,F,4327
2002,Jordan,M,10253
2003,Jordan,F,4870
2003,Jordan,M,11406
2004,Jordan,F,4063
2004,Jordan,M,9409
2005,Jordan,F,4097
2005,Jordan,M,9378
2006,Jordan,F,4069
2006,Jordan,M,9208
2007,Jordan,F,4877
2007,Jordan,M,10913
2008,Jordan,F,4300
2008,Jordan,M,9514
2009,Jordan,F,4418
2009,Jordan,M,9666
2010,Jordan,F,4319
2010,Jordan,M,9342
2011,Jordan,F,4174
2011,Jordan,M,8929
2012,Jordan,F,4360
2012,Jordan,M,9224
2013,Jordan,F,5071
2013,Jordan,M,10609
2014,Jordan,F,4783
2014,Jordan,M,9898
2015,Jordan,F,4183
2015,Jordan,M,8561
2016,Jordan,F,4573
2016,Jordan,M,9257
2017,Jordan,F,4175
2017,Jordan,M,8359
2018,Jordan,F,3918
2018,Jordan,M,7760
2019,Jordan,F,4643
2019,Jordan,M,9098
2020,Jordan,F,4669
2020,Jordan,M,9050
2021,Jordan,F,4627
2021,Jordan,M,8873
2022,Jordan,F,4219
2022,Jordan,M,8005
2023,Jordan,F,4286
2023,Jordan,M,8045
2024,Jordan,F,4510
2024,Jordan,M,8376
1900,Leslie,F,1282
1900,Leslie,M,7266
1901,Leslie,F,1620
1901,Leslie,M,8748
1902,Leslie,F,1574
1902,Leslie,M,8115
1903,Leslie,F,1718
1903,Leslie,M,8470
1904,Leslie,F,1776
1904,Leslie,M,8382
1905,Leslie,F,1827
1905,Leslie,M,8265
1906,Leslie,F,2022
1906,Leslie,M,8777
1907,Leslie,F,1820
1907,Leslie,M,7586
1908,Leslie,F,2014
1908,Leslie,M,8071
1909,Leslie,F,2241
1909,Leslie,M,8645
1910,Leslie,F,2146
1910,Leslie,M,7972
1911,Leslie,F,2082
1911,Leslie,M,7453
1912,Leslie,F,2476
1912,Leslie,M,8551
1913,Leslie,F,2623
1913,Leslie,M,8745
1914,Leslie,F,2528
1914,Leslie,M,8141
1915,Leslie,F,2305
1915,Leslie,M,7176
1916,Leslie,F,2805
1916,Leslie,M,8444
1917,Leslie,F,2494
1917,Leslie,M,7266
1918,Leslie,F,2902
1918,Leslie,M,8185
1919,Leslie,F,2774
1919,Leslie,M,7576
1920,Leslie,F,2801
1920,Leslie,M,7413
1921,Leslie,F,3009
1921,Leslie,M,7722
1922,Leslie,F,3137
1922,Leslie,M,7809
1923,Leslie,F,3128
1923,Leslie,M,7555
1924,Leslie,F,3454
1924,Leslie,M,8096
1925,Leslie,F,3327
1925,Leslie,M,7573
1926,Leslie,F,3708
1926,Leslie,M,8196
1927,Leslie,F,3645
1927,Leslie,M,7830
1928,Leslie,F,3515
1928,Leslie,M,7337
1929,Leslie,F,3557
1929,Leslie,M,7219
1930,Leslie,F,3457
1930,Leslie,M,6822
1931,Leslie,F,3989
1931,Leslie,M,7657
1932,Leslie,F,3919
1932,Leslie,M,7321
1933,Leslie,F,3507
1933,Leslie,M,6375
1934,Leslie,F,4040
1934,Leslie,M,7147
1935,Leslie,F,4029
1935,Leslie,M,6938
1936,Leslie,F,4755
1936,Leslie,M,7973
1937,Leslie,F,3976
1937,Leslie,M,6495
1938,Leslie,F,4123
1938,Leslie,M,6560
1939,Leslie,F,4905
1939,Leslie,M,7601
1940,Leslie,F,5064
1940,Leslie,M,7648
1941,Leslie,F,4555
1941,Leslie,M,6702
1942,Leslie,F,4668
1942,Leslie,M,6695
1943,Leslie,F,5118
1943,Leslie,M,7156
1944,Leslie,F,4319
1944,Leslie,M,5886
1945,Leslie,F,4533
1945,Leslie,M,6023
1946,Leslie,F,5099
1946,Leslie,M,6605
1947,Leslie,F,5758
1947,Leslie,M,7274
1948,Leslie,F,5210
1948,Leslie,M,6418
1949,Leslie,F,5464
1949,Leslie,M,6564
1950,Leslie,F,5886
1950,Leslie,M,6897
1951,Leslie,F,6298
1951,Leslie,M,7196
1952,Leslie,F,5473
1952,Leslie,M,6100
1953,Leslie,F,5741
1953,Leslie,M,6242
1954,Leslie,F,6460
1954,Leslie,M,6850
1955,Leslie,F,5360
1955,Leslie,M,5544
1956,Leslie,F,6340
1956,Leslie,M,6398
1957,Leslie,F,5676
1957,Leslie,M,5586
1958,Leslie,F,6154
1958,Leslie,M,5908
1959,Leslie,F,6096
1959,Leslie,M,5709
1960,Leslie,F,5895
1960,Leslie,M,5386
1961,Leslie,F,5949
1961,Leslie,M,5301
1962,Leslie,F,6494
1962,Leslie,M,5644
1963,Leslie,F,6838
1963,Leslie,M,5797
1964,Leslie,F,6466
1964,Leslie,M,5346
1965,Leslie,F,6606
1965,Leslie,M,5327
1966,Leslie,F,6868
1966,Leslie,M,5399
1967,Leslie,F,6310
1967,Leslie,M,4837
1968,Leslie,F,7059
1968,Leslie,M,5276
1969,Leslie,F,7152
1969,Leslie,M,5211
1970,Leslie,F,7947
1970,Leslie,M,5645
1971,Leslie,F,6772
1971,Leslie,M,4689
1972,Leslie,F,6791
1972,Leslie,M,4582
1973,Leslie,F,7360
1973,Leslie,M,4840
1974,Leslie,F,7436
1974,Leslie,M,4764
1975,Leslie,F,6910
1975,Leslie,M,4312
1976,Leslie,F,7015
1976,Leslie,M,4264
1977,Leslie,F,7472
1977,Leslie,M,4424
1978,Leslie,F,6923
1978,Leslie,M,3991
1979,Leslie,F,7151
1979,Leslie,M,4013
1980,Leslie,F,7417
1980,Leslie,M,4051
1981,Leslie,F,7866
1981,Leslie,M,4180
1982,Leslie,F,7195
1982,Leslie,M,3720
1983,Leslie,F,6679
1983,Leslie,M,3358
1984,Leslie,F,6683
1984,Leslie,M,3267
1985,Leslie,F,7017
1985,Leslie,M,3336
1986,Leslie,F,7030
1986,Leslie,M,3247
1987,Leslie,F,7599
1987,Leslie,M,3410
1988,Leslie,F,7158
1988,Leslie,M,3120
1989,Leslie,F,7419
1989,Leslie,M,3139
1990,Leslie,F,7420
1990,Leslie,M,3048
1991,Leslie,F,7611
1991,Leslie,M,3032
1992,Leslie,F,8475
1992,Leslie,M,3275
1993,Leslie,F,8199
1993,Leslie,M,3071
1994,Leslie,F,7926
1994,Leslie,M,2877
1995,Leslie,F,7731
1995,Leslie,M,2717
1996,Leslie,F,7775
1996,Leslie,M,2645
1997,Leslie,F,8170
1997,Leslie,M,2689
1998,Leslie,F,8324
1998,Leslie,M,2650
1999,Leslie,F,7632
1999,Leslie,M,2347
2000,Leslie,F,8117
2000,Leslie,M,2411
2001,Leslie,F,7136
2001,Leslie,M,2046
2002,Leslie,F,8257
2002,Leslie,M,2283
2003,Leslie,F,8554
2003,Leslie,M,2279
2004,Leslie,F,8067
2004,Leslie,M,2070
2005,Leslie,F,9126
2005,Leslie,M,2253
2006,Leslie,F,7817
2006,Leslie,M,1855
2007,Leslie,F,8385
2007,Leslie,M,1910
2008,Leslie,F,8281
2008,Leslie,M,1810
2009,Leslie,F,8271
2009,Leslie,M,1732
2010,Leslie,F,8285
2010,Leslie,M,1660
2011,Leslie,F,8416
2011,Leslie,M,1612
2012,Leslie,F,8809
2012,Leslie,M,1610
2013,Leslie,F,9097
2013,Leslie,M,1584
2014,Leslie,F,8419
2014,Leslie,M,1395
2015,Leslie,F,8852
2015,Leslie,M,1392
2016,Leslie,F,8101
2016,Leslie,M,1207
2017,Leslie,F,8863
2017,Leslie,M,1248
2018,Leslie,F,8102
2018,Leslie,M,1076
2019,Leslie,F,9063
2019,Leslie,M,1132
2020,Leslie,F,9652
2020,Leslie,M,1130
2021,Leslie,F,8474
2021,Leslie,M,927
2022,Leslie,F,7426
2022,Leslie,M,756
2023,Leslie,F,8283
2023,Leslie,M,781
2024,Leslie,F,9211
2024,Leslie,M,801
1900,Liam,M,3037
1901,Liam,M,3447
1902,Liam,M,2990
1903,Liam,M,3209
1904,Liam,M,3378
1905,Liam,M,3238
1906,Liam,M,3722
1907,Liam,M,3236
1908,Liam,M,3424
1909,Liam,M,3243
1910,Liam,M,3382
1911,Liam,M,3557
1912,Liam,M,3736
1913,Liam,M,3677
1914,Liam,M,3937
1915,Liam,M,3693
1916,Liam,M,3693
1917,Liam,M,4444
1918,Liam,M,3972
1919,Liam,M,3768
1920,Liam,M,3830
1921,Liam,M,3827
1922,Liam,M,4349
1923,Liam,M,4088
1924,Liam,M,4275
1925,Liam,M,4291
1926,Liam,M,4565
1927,Liam,M,4214
1928,Liam,M,4217
1929,Liam,M,4639
1930,Liam,M,4816
1931,Liam,M,4814
1932,Liam,M,4561
1933,Liam,M,5067
1934,Liam,M,4725
1935,Liam,M,4866
1936,Liam,M,4814
1937,Liam,M,5589
1938,Liam,M,5467
1939,Liam,M,5545
1940,Liam,M,5844
1941,Liam,M,6457
1942,Liam,M,5038
1943,Liam,M,5453
1944,Liam,M,5584
1945,Liam,M,5593
1946,Liam,M,5603
1947,Liam,M,5980
1948,Liam,M,5738
1949,Liam,M,6420
1950,Liam,M,6418
1951,Liam,M,6693
1952,Liam,M,6816
1953,Liam,M,6970
1954,Liam,M,6687
1955,Liam,M,7842
1956,Liam,M,7175
1957,Liam,M,6393
1958,Liam,M,6880
1959,Liam,M,6669
1960,Liam,M,7584
1961,Liam,M,7651
1962,Liam,M,7622
1963,Liam,M,8942
1964,Liam,M,8387
1965,Liam,M,8623
1966,Liam,M,7939
1967,Liam,M,8045
1968,Liam,M,8730
1969,Liam,M,8958
1970,Liam,M,8020
1971,Liam,M,9088
1972,Liam,M,9361
1973,Liam,M,9399
1974,Liam,M,9222
1975,Liam,M,9552
1976,Liam,M,9945
1977,Liam,M,10291
1978,Liam,M,10801
1979,Liam,M,11302
1980,Liam,M,10618
1981,Liam,M,10707
1982,Liam,M,11506
1983,Liam,M,11837
1984,Liam,M,11327
1985,Liam,M,12408
1986,Liam,M,12775
1987,Liam,M,13242
1988,Liam,M,13853
1989,Liam,M,12087
1990,Liam,M,12998
1991,Liam,M,13236
1992,Liam,M,13393
1993,Liam,M,13187
1994,Liam,M,12728
1995,Liam,M,14310
1996,Liam,M,13823
1997,Liam,M,14832
1998,Liam,M,14307
1999,Liam,M,14285
2000,Liam,M,15786
2001,Liam,M,15987
2002,Liam,M,16683
2003,Liam,M,18554
2004,Liam,M,16961
2005,Liam,M,17460
2006,Liam,M,16133
2007,Liam,M,16175
2008,Liam,M,19499
2009,Liam,M,17082
2010,Liam,M,17207
2011,Liam,M,18579
2012,Liam,M,18780
2013,Liam,M,18097
2014,Liam,M,19017
2015,Liam,M,21043
2016,Liam,M,18849
2017,Liam,M,18324
2018,Liam,M,21302
2019,Liam,M,20900
2020,Liam,M,19647
2021,Liam,M,18532
2022,Liam,M,19584
2023,Liam,M,20408
2024,Liam,M,21834
1900,Linda,F,60343
1901,Linda,F,65157
1902,Linda,F,56399
1903,Linda,F,59210
1904,Linda,F,58958
1905,Linda,F,61814
1906,Linda,F,58872
1907,Linda,F,67540
1908,Linda,F,65081
1909,Linda,F,60970
1910,Linda,F,63662
1911,Linda,F,70017
1912,Linda,F,73170
1913,Linda,F,79079
1914,Linda,F,84095
1915,Linda,F,74355
1916,Linda,F,69164
1917,Linda,F,64985
1918,Linda,F,76725
1919,Linda,F,72782
1920,Linda,F,75590
1921,Linda,F,75650
1922,Linda,F,78879
1923,Linda,F,85724
1924,Linda,F,82361
1925,Linda,F,81827
1926,Linda,F,78437
1927,Linda,F,76145
1928,Linda,F,83164
1929,Linda,F,86389
1930,Linda,F,96963
1931,Linda,F,89340
1932,Linda,F,94900
1933,Linda,F,87853
1934,Linda,F,84989
1935,Linda,F,87046
1936,Linda,F,89210
1937,Linda,F,106123
1938,Linda,F,90224
1939,Linda,F,100463
1940,Linda,F,91127
1941,Linda,F,102403
1942,Linda,F,99802
1943,Linda,F,97116
1944,Linda,F,98198
1945,Linda,F,94862
1946,Linda,F,101581
1947,Linda,F,96297
1948,Linda,F,91658
1949,Linda,F,91170
1950,Linda,F,99458
1951,Linda,F,107326
1952,Linda,F,98485
1953,Linda,F,96292
1954,Linda,F,97999
1955,Linda,F,103146
1956,Linda,F,96150
1957,Linda,F,91785
1958,Linda,F,99459
1959,Linda,F,94774
1960,Linda,F,99925
1961,Linda,F,91562
1962,Linda,F,83032
1963,Linda,F,81370
1964,Linda,F,96348
1965,Linda,F,95632
1966,Linda,F,84740
1967,Linda,F,82705
1968,Linda,F,90967
1969,Linda,F,77126
1970,Linda,F,77212
1971,Linda,F,83680
1972,Linda,F,77667
1973,Linda,F,78510
1974,Linda,F,76761
1975,Linda,F,78064
1976,Linda,F,81889
1977,Linda,F,74923
1978,Linda,F,76371
1979,Linda,F,63626
1980,Linda,F,71371
1981,Linda,F,67046
1982,Linda,F,64572
1983,Linda,F,65104
1984,Linda,F,66434
1985,Linda,F,70546
1986,Linda,F,60711
1987,Linda,F,65181
1988,Linda,F,62308
1989,Linda,F,62050
1990,Linda,F,66185
1991,Linda,F,63562
1992,Linda,F,65604
1993,Linda,F,59343
1994,Linda,F,56611
1995,Linda,F,57486
1996,Linda,F,58307
1997,Linda,F,57285
1998,Linda,F,52271
1999,Linda,F,55445
2000,Linda,F,55137
2001,Linda,F,61755
2002,Linda,F,58879
2003,Linda,F,49528
2004,Linda,F,50603
2005,Linda,F,46333
2006,Linda,F,48329
2007,Linda,F,50363
2008,Linda,F,52288
2009,Linda,F,45999
2010,Linda,F,45594
2011,Linda,F,40788
2012,Linda,F,45742
2013,Linda,F,42670
2014,Linda,F,43539
2015,Linda,F,42035
2016,Linda,F,43532
2017,Linda,F,38644
2018,Linda,F,38876
2019,Linda,F,47441
2020,Linda,F,38306
2021,Linda,F,38272
2022,Linda,F,44888
2023,Linda,F,46859
2024,Linda,F,36615
1900,Madison,F,6639
1901,Madison,F,7558
1902,Madison,F,6876
1903,Madison,F,6900
1904,Madison,F,6198
1905,Madison,F,6793
1906,Madison,F,7154
1907,Madison,F,7057
1908,Madison,F,8070
1909,Madison,F,7472
1910,Madison,F,8233
1911,Madison,F,7768
1912,Madison,F,7856
1913,Madison,F,7896
1914,Madison,F,8042
1915,Madison,F,8983
1916,Madison,F,7101
1917,Madison,F,7352
1918,Madison,F,8188
1919,Madison,F,8581
1920,Madison,F,9045
1921,Madison,F,9048
1922,Madison,F,8708
1923,Madison,F,9583
1924,Madison,F,9715
1925,Madison,F,9373
1926,Madison,F,9936
1927,Madison,F,9674
1928,Madison,F,9320
1929,Madison,F,10182
1930,Madison,F,9969
1931,Madison,F,10037
1932,Madison,F,11070
1933,Madison,F,8792
1934,Madison,F,9558
1935,Madison,F,9834
1936,Madison,F,10498
1937,Madison,F,10711
1938,Madison,F,10028
1939,Madison,F,10515
1940,Madison,F,10743
1941,Madison,F,13176
1942,Madison,F,12899
1943,Madison,F,11509
1944,Madison,F,11702
1945,Madison,F,11291
1946,Madison,F,10887
1947,Madison,F,12377
1948,Madison,F,11880
1949,Madison,F,12746
1950,Madison,F,11742
1951,Madison,F,12567
1952,Madison,F,13471
1953,Madison,F,13835
1954,Madison,F,14069
1955,Madison,F,12813
1956,Madison,F,14833
1957,Madison,F,13618
1958,Madison,F,15054
1959,Madison,F,14695
1960,Madison,F,13678
1961,Madison,F,14828
1962,Madison,F,15660
1963,Madison,F,16107
1964,Madison,F,15617
1965,Madison,F,17434
1966,Madison,F,17164
1967,Madison,F,16154
1968,Madison,F,17378
1969,Madison,F,18811
1970,Madison,F,19092
1971,Madison,F,16037
1972,Madison,F,16568
1973,Madison,F,19360
1974,Madison,F,16866
1975,Madison,F,16797
1976,Madison,F,17942
1977,Madison,F,19190
1978,Madison,F,18839
1979,Madison,F,18444
1980,Madison,F,18644
1981,Madison,F,18826
1982,Madison,F,18851
1983,Madison,F,22892
1984,Madison,F,20730
1985,Madison,F,21691
1986,Madison,F,20209
1987,Madison,F,20806
1988,Madison,F,20346
1989,Madison,F,18051
1990,Madison,F,19877
1991,Madison,F,19488
1992,Madison,F,19072
1993,Madison,F,20628
1994,Madison,F,24163
1995,Madison,F,22471
1996,Madison,F,24418
1997,Madison,F,23338
1998,Madison,F,23943
1999,Madison,F,21700
2000,Madison,F,23707
2001,Madison,F,24006
2002,Madison,F,22189
2003,Madison,F,23710
2004,Madison,F,23647
2005,Madison,F,22025
2006,Madison,F,21136
2007,Madison,F,20930
2008,Madison,F,22500
2009,Madison,F,22658
2010,Madison,F,20999
2011,Madison,F,21898
2012,Madison,F,22410
2013,Madison,F,22262
2014,Madison,F,23235
2015,Madison,F,22653
2016,Madison,F,19569
2017,Madison,F,22675
2018,Madison,F,19718
2019,Madison,F,21397
2020,Madison,F,19983
2021,Madison,F,19180
2022,Madison,F,17323
2023,Madison,F,18995
2024,Madison,F,17182
1900,Mary,F,64675
1901,Mary,F,59672
1902,Mary,F,66640
1903,Mary,F,67495
1904,Mary,F,56513
1905,Mary,F,59106
1906,Mary,F,64714
1907,Mary,F,63100
1908,Mary,F,64350
1909,Mary,F,61201
1910,Mary,F,67992
1911,Mary,F,67677
1912,Mary,F,64984
1913,Mary,F,69171
1914,Mary,F,66662
1915,Mary,F,61544
1916,Mary,F,66365
1917,Mary,F,61222
1918,Mary,F,68407
1919,Mary,F,64801
1920,Mary,F,64279
1921,Mary,F,62340
1922,Mary,F,69748
1923,Mary,F,64357
1924,Mary,F,63260
1925,Mary,F,63519
1926,Mary,F,66914
1927,Mary,F,66210
1928,Mary,F,66330
1929,Mary,F,66330
1930,Mary,F,72883
1931,Mary,F,62929
1932,Mary,F,62435
1933,Mary,F,61180
1934,Mary,F,66594
1935,Mary,F,68459
1936,Mary,F,63568
1937,Mary,F,60669
1938,Mary,F,60614
1939,Mary,F,66128
1940,Mary,F,66346
1941,Mary,F,65444
1942,Mary,F,60715
1943,Mary,F,63977
1944,Mary,F,63392
1945,Mary,F,63625
1946,Mary,F,65923
1947,Mary,F,63328
1948,Mary,F,64868
1949,Mary,F,62418
1950,Mary,F,63074
1951,Mary,F,64171
1952,Mary,F,56266
1953,Mary,F,60302
1954,Mary,F,59574
1955,Mary,F,58781
1956,Mary,F,59936
1957,Mary,F,66207
1958,Mary,F,57424
1959,Mary,F,63890
1960,Mary,F,54114
1961,Mary,F,58794
1962,Mary,F,60390
1963,Mary,F,61707
1964,Mary,F,61949
1965,Mary,F,62033
1966,Mary,F,57780
1967,Mary,F,57182
1968,Mary,F,61628
1969,Mary,F,57737
1970,Mary,F,53748
1971,Mary,F,54054
1972,Mary,F,54603
1973,Mary,F,59301
1974,Mary,F,57865
1975,Mary,F,59534
1976,Mary,F,55496
1977,Mary,F,57285
1978,Mary,F,58657
1979,Mary,F,55278
1980,Mary,F,57649
1981,Mary,F,53678
1982,Mary,F,54472
1983,Mary,F,54202
1984,Mary,F,51294
1985,Mary,F,56653
1986,Mary,F,53286
1987,Mary,F,54657
1988,Mary,F,55971
1989,Mary,F,55639
1990,Mary,F,56128
1991,Mary,F,53440
1992,Mary,F,52184
1993,Mary,F,53074
1994,Mary,F,47737
1995,Mary,F,48307
1996,Mary,F,48504
1997,Mary,F,49332
1998,Mary,F,53511
1999,Mary,F,49216
2000,Mary,F,50654
2001,Mary,F,55640
2002,Mary,F,50304
2003,Mary,F,53455
2004,Mary,F,48122
2005,Mary,F,50140
2006,Mary,F,47672
2007,Mary,F,49318
2008,Mary,F,52658
2009,Mary,F,44747
2010,Mary,F,51006
2011,Mary,F,50206
2012,Mary,F,47534
2013,Mary,F,44823
2014,Mary,F,49085
2015,Mary,F,47120
2016,Mary,F,49135
2017,Mary,F,48315
2018,Mary,F,52663
2019,Mary,F,47152
2020,Mary,F,44709
2021,Mary,F,47940
2022,Mary,F,47849
2023,Mary,F,50857
2024,Mary,F,49166
1900,Michael,M,53842
1901,Michael,M,54737
1902,Michael,M,53818
1903,Michael,M,54469
1904,Michael,M,58575
1905,Michael,M,58081
1906,Michael,M,45030
1907,Michael,M,53629
1908,Michael,M,54413
1909,Michael,M,49435
1910,Michael,M,55843
1911,Michael,M,59998
1912,Michael,M,52446
1913,Michael,M,57530
1914,Michael,M,53566
1915,Michael,M,54672
1916,Michael,M,62333
1917,Michael,M,55673
1918,Michael,M,59440
1919,Michael,M,51599
1920,Michael,M,64941
1921,Michael,M,60825
1922,Michael,M,58345
1923,Michael,M,61326
1924,Michael,M,54528
1925,Michael,M,64101
1926,Michael,M,58972
1927,Michael,M,59687
1928,Michael,M,58922
1929,Michael,M,58872
1930,Michael,M,63835
1931,Michael,M,62508
1932,Michael,M,64263
1933,Michael,M,62092
1934,Michael,M,64325
1935,Michael,M,61105
1936,Michael,M,71378
1937,Michael,M,57281
1938,Michael,M,68305
1939,Michael,M,69003
1940,Michael,M,60762
1941,Michael,M,72902
1942,Michael,M,68419
1943,Michael,M,68599
1944,Michael,M,65188
1945,Michael,M,64479
1946,Michael,M,64756
1947,Michael,M,67368
1948,Michael,M,71622
1949,Michael,M,67027
1950,Michael,M,62900
1951,Michael,M,70071
1952,Michael,M,70694
1953,Michael,M,69851
1954,Michael,M,70440
1955,Michael,M,66532
1956,Michael,M,64052
1957,Michael,M,64485
1958,Michael,M,61523
1959,Michael,M,69371
1960,Michael,M,68230
1961,Michael,M,66925
1962,Michael,M,56680
1963,Michael,M,63880
1964,Michael,M,73841
1965,Michael,M,66555
1966,Michael,M,70943
1967,Michael,M,63748
1968,Michael,M,75664
1969,Michael,M,69138
1970,Michael,M,71032
1971,Michael,M,79633
1972,Michael,M,76295
1973,Michael,M,68682
1974,Michael,M,67501
1975,Michael,M,68633
1976,Michael,M,72134
1977,Michael,M,69528
1978,Michael,M,68274
1979,Michael,M,76033
1980,Michael,M,69339
1981,Michael,M,79363
1982,Michael,M,70031
1983,Michael,M,77002
1984,Michael,M,70930
1985,Michael,M,73325
1986,Michael,M,66180
1987,Michael,M,65511
1988,Michael,M,70798
1989,Michael,M,72817
1990,Michael,M,68739
1991,Michael,M,63120
1992,Michael,M,62650
1993,Michael,M,62204
1994,Michael,M,60639
1995,Michael,M,68076
1996,Michael,M,71975
1997,Michael,M,67157
1998,Michael,M,57906
1999,Michael,M,66004
2000,Michael,M,65889
2001,Michael,M,74644
2002,Michael,M,60292
2003,Michael,M,64283
2004,Michael,M,72293
2005,Michael,M,67095
2006,Michael,M,67278
2007,Michael,M,65268
2008,Michael,M,65841
2009,Michael,M,67301
2010,Michael,M,60926
2011,Michael,M,67129
2012,Michael,M,58269
2013,Michael,M,64475
2014,Michael,M,63631
2015,Michael,M,60362
2016,Michael,M,62318
2017,Michael,M,59804
2018,Michael,M,57868
2019,Michael,M,60257
2020,Michael,M,57221
2021,Michael,M,62178
2022,Michael,M,56523
2023,Michael,M,63008
2024,Michael,M,55878
1900,Morgan,F,1020
1900,Morgan,M,3060
1901,Morgan,F,1010
1901,Morgan,M,2964
1902,Morgan,F,1063
1902,Morgan,M,3056
1903,Morgan,F,1017
1903,Morgan,M,2863
1904,Morgan,F,1113
1904,Morgan,M,3071
1905,Morgan,F,1161
1905,Morgan,M,3135
1906,Morgan,F,1097
1906,Morgan,M,2903
1907,Morgan,F,1174
1907,Morgan,M,3045
1908,Morgan,F,1153
1908,Morgan,M,2932
1909,Morgan,F,1187
1909,Morgan,M,2960
1910,Morgan,F,1170
1910,Morgan,M,2860
1911,Morgan,F,1381
1911,Morgan,M,3311
1912,Morgan,F,1397
1912,Morgan,M,3285
1913,Morgan,F,1386
1913,Morgan,M,3198
1914,Morgan,F,1536
1914,Morgan,M,3476
1915,Morgan,F,1388
1915,Morgan,M,3084
1916,Morgan,F,1697
1916,Morgan,M,3698
1917,Morgan,F,1447
1917,Morgan,M,3096
1918,Morgan,F,1523
1918,Morgan,M,3197
1919,Morgan,F,1496
1919,Morgan,M,3084
1920,Morgan,F,1600
1920,Morgan,M,3240
1921,Morgan,F,1679
1921,Morgan,M,3339
1922,Morgan,F,1622
1922,Morgan,M,3167
1923,Morgan,F,1846
1923,Morgan,M,3540
1924,Morgan,F,1728
1924,Morgan,M,3254
1925,Morgan,F,1767
1925,Morgan,M,3271
1926,Morgan,F,1678
1926,Morgan,M,3052
1927,Morgan,F,1858
1927,Morgan,M,3318
1928,Morgan,F,1834
1928,Morgan,M,3221
1929,Morgan,F,1818
1929,Morgan,M,3137
1930,Morgan,F,1836
1930,Morgan,M,3112
1931,Morgan,F,2279
1931,Morgan,M,3799
1932,Morgan,F,1972
1932,Morgan,M,3231
1933,Morgan,F,1865
1933,Morgan,M,3004
1934,Morgan,F,1997
1934,Morgan,M,3162
1935,Morgan,F,2119
1935,Morgan,M,3299
1936,Morgan,F,2238
1936,Morgan,M,3426
1937,Morgan,F,2283
1937,Morgan,M,3436
1938,Morgan,F,2344
1938,Morgan,M,3469
1939,Morgan,F,2207
1939,Morgan,M,3212
1940,Morgan,F,2388
1940,Morgan,M,3417
1941,Morgan,F,2259
1941,Morgan,M,3181
1942,Morgan,F,2340
1942,Morgan,M,3239
1943,Morgan,F,2339
1943,Morgan,M,3186
1944,Morgan,F,2342
1944,Morgan,M,3138
1945,Morgan,F,2733
1945,Morgan,M,3602
1946,Morgan,F,2725
1946,Morgan,M,3532
1947,Morgan,F,2821
1947,Morgan,M,3598
1948,Morgan,F,2720
1948,Morgan,M,3413
1949,Morgan,F,2892
1949,Morgan,M,3569
1950,Morgan,F,2516
1950,Morgan,M,3055
1951,Morgan,F,3012
1951,Morgan,M,3599
1952,Morgan,F,2946
1952,Morgan,M,3463
1953,Morgan,F,3079
1953,Morgan,M,3560
1954,Morgan,F,3088
1954,Morgan,M,3514
1955,Morgan,F,2890
1955,Morgan,M,3236
1956,Morgan,F,2845
1956,Morgan,M,3134
1957,Morgan,F,3044
1957,Morgan,M,3300
1958,Morgan,F,3344
1958,Morgan,M,3567
1959,Morgan,F,3426
1959,Morgan,M,3596
1960,Morgan,F,3071
1960,Morgan,M,3172
1961,Morgan,F,3201
1961,Morgan,M,3254
1962,Morgan,F,3308
1962,Morgan,M,3309
1963,Morgan,F,3441
1963,Morgan,M,3386
1964,Morgan,F,3282
1964,Morgan,M,3178
1965,Morgan,F,3322
1965,Morgan,M,3166
1966,Morgan,F,3509
1966,Morgan,M,3290
1967,Morgan,F,3770
1967,Morgan,M,3477
1968,Morgan,F,3540
1968,Morgan,M,3213
1969,Morgan,F,3843
1969,Morgan,M,3432
1970,Morgan,F,4180
1970,Morgan,M,3673
1971,Morgan,F,3679
1971,Morgan,M,3181
1972,Morgan,F,4001
1972,Morgan,M,3404
1973,Morgan,F,4366
1973,Morgan,M,3654
1974,Morgan,F,4069
1974,Morgan,M,3351
1975,Morgan,F,4090
1975,Morgan,M,3313
1976,Morgan,F,4597
1976,Morgan,M,3664
1977,Morgan,F,4278
1977,Morgan,M,3355
1978,Morgan,F,4713
1978,Morgan,M,3635
1979,Morgan,F,4597
1979,Morgan,M,3488
1980,Morgan,F,4449
1980,Morgan,M,3321
1981,Morgan,F,4736
1981,Morgan,M,3477
1982,Morgan,F,4754
1982,Morgan,M,3433
1983,Morgan,F,5014
1983,Morgan,M,3561
1984,Morgan,F,4626
1984,Morgan,M,3232
1985,Morgan,F,4855
1985,Morgan,M,3335
1986,Morgan,F,4883
1986,Morgan,M,3299
1987,Morgan,F,5168
1987,Morgan,M,3433
1988,Morgan,F,4706
1988,Morgan,M,3075
1989,Morgan,F,5379
1989,Morgan,M,3456
1990,Morgan,F,5267
1990,Morgan,M,3327
1991,Morgan,F,4767
1991,Morgan,M,2960
1992,Morgan,F,5606
1992,Morgan,M,3422
1993,Morgan,F,5983
1993,Morgan,M,3590
1994,Morgan,F,5642
1994,Morgan,M,3328
1995,Morgan,F,5827
1995,Morgan,M,3377
1996,Morgan,F,5436
1996,Morgan,M,3097
1997,Morgan,F,4905
1997,Morgan,M,2745
1998,Morgan,F,4877
1998,Morgan,M,2682
1999,Morgan,F,5601
1999,Morgan,M,3026
2000,Morgan,F,5349
2000,Morgan,M,2839
2001,Morgan,F,5267
2001,Morgan,M,2746
2002,Morgan,F,5575
2002,Morgan,M,2855
2003,Morgan,F,5824
2003,Morgan,M,2929
2004,Morgan,F,5143
2004,Morgan,M,2541
2005,Morgan,F,5498
2005,Morgan,M,2666
2006,Morgan,F,6176
2006,Morgan,M,2941
2007,Morgan,F,5309
2007,Morgan,M,2481
2008,Morgan,F,5980
2008,Morgan,M,2744
2009,Morgan,F,5525
2009,Morgan,M,2488
2010,Morgan,F,5882
2010,Morgan,M,2599
2011,Morgan,F,6075
2011,Morgan,M,2633
2012,Morgan,F,5955
2012,Morgan,M,2532
2013,Morgan,F,6012
2013,Morgan,M,2508
2014,Morgan,F,5306
2014,Morgan,M,2171
2015,Morgan,F,6079
2015,Morgan,M,2438
2016,Morgan,F,5402
2016,Morgan,M,2125
2017,Morgan,F,5777
2017,Morgan,M,2227
2018,Morgan,F,5771
2018,Morgan,M,2180
2019,Morgan,F,5840
2019,Morgan,M,2162
2020,Morgan,F,5781
2020,Morgan,M,2097
2021,Morgan,F,5371
2021,Morgan,M,1908
2022,Morgan,F,5190
2022,Morgan,M,1805
2023,Morgan,F,5930
2023,Morgan,M,2020
2024,Morgan,F,5686
2024,Morgan,M,1896
1900,Noah,M,4541
1901,Noah,M,4534
1902,Noah,M,4903
1903,Noah,M,4908
1904,Noah,M,4480
1905,Noah,M,5284
1906,Noah,M,4981
1907,Noah,M,4732
1908,Noah,M,5497
1909,Noah,M,5387
1910,Noah,M,4856
1911,Noah,M,5886
1912,Noah,M,5596
1913,Noah,M,5446
1914,Noah,M,6042
1915,Noah,M,5637
1916,Noah,M,5642
1917,Noah,M,5495
1918,Noah,M,5994
1919,Noah,M,6032
1920,Noah,M,5942
1921,Noah,M,5726
1922,Noah,M,6133
1923,Noah,M,6136
1924,Noah,M,5741
1925,Noah,M,5760
1926,Noah,M,6615
1927,Noah,M,5468
1928,Noah,M,6643
1929,Noah,M,6455
1930,Noah,M,7259
1931,Noah,M,6615
1932,Noah,M,7178
1933,Noah,M,6827
1934,Noah,M,7132
1935,Noah,M,7493
1936,Noah,M,7067
1937,Noah,M,7804
1938,Noah,M,7015
1939,Noah,M,7691
1940,Noah,M,8080
1941,Noah,M,8065
1942,Noah,M,8764
1943,Noah,M,7599
1944,Noah,M,7402
1945,Noah,M,7689
1946,Noah,M,8614
1947,Noah,M,8647
1948,Noah,M,8561
1949,Noah,M,8042
1950,Noah,M,9141
1951,Noah,M,8206
1952,Noah,M,9601
1953,Noah,M,10658
1954,Noah,M,9425
1955,Noah,M,9675
1956,Noah,M,9195
1957,Noah,M,8561
1958,Noah,M,9384
1959,Noah,M,9222
1960,Noah,M,9136
1961,Noah,M,11190
1962,Noah,M,10450
1963,Noah,M,10661
1964,Noah,M,10372
1965,Noah,M,10603
1966,Noah,M,11491
1967,Noah,M,10991
1968,Noah,M,11521
1969,Noah,M,11187
1970,Noah,M,11242
1971,Noah,M,10654
1972,Noah,M,10398
1973,Noah,M,11774
1974,Noah,M,12169
1975,Noah,M,11348
1976,Noah,M,12441
1977,Noah,M,12681
1978,Noah,M,11157
1979,Noah,M,12279
1980,Noah,M,13493
1981,Noah,M,13663
1982,Noah,M,12600
1983,Noah,M,13853
1984,Noah,M,14763
1985,Noah,M,14756
1986,Noah,M,14209
1987,Noah,M,14077
1988,Noah,M,14123
1989,Noah,M,15291
1990,Noah,M,15247
1991,Noah,M,15846
1992,Noah,M,15591
1993,Noah,M,16439
1994,Noah,M,15960
1995,Noah,M,16828
1996,Noah,M,17123
1997,Noah,M,15678
1998,Noah,M,14865
1999,Noah,M,18436
2000,Noah,M,17334
2001,Noah,M,15491
2002,Noah,M,16713
2003,Noah,M,18469
2004,Noah,M,17539
2005,Noah,M,17468
2006,Noah,M,19729
2007,Noah,M,17217
2008,Noah,M,17648
2009,Noah,M,18930
2010,Noah,M,19282
2011,Noah,M,19543
2012,Noah,M,20147
2013,Noah,M,19443
2014,Noah,M,19877
2015,Noah,M,19088
2016,Noah,M,19522
2017,Noah,M,19613
2018,Noah,M,19752
2019,Noah,M,20390
2020,Noah,M,20097
2021,Noah,M,19441
2022,Noah,M,18373
2023,Noah,M,19292
2024,Noah,M,19070
1900,Olivia,F,2938
1901,Olivia,F,2924
1902,Olivia,F,2835
1903,Olivia,F,3438
1904,Olivia,F,3438
1905,Olivia,F,3364
1906,Olivia,F,3018
1907,Olivia,F,3406
1908,Olivia,F,3413
1909,Olivia,F,3423
1910,Olivia,F,3636
1911,Olivia,F,3562
1912,Olivia,F,3636
1913,Olivia,F,3668
1914,Olivia,F,3658
1915,Olivia,F,3248
1916,Olivia,F,3710
1917,Olivia,F,3621
1918,Olivia,F,3510
1919,Olivia,F,4248
1920,Olivia,F,4323
1921,Olivia,F,4300
1922,Olivia,F,4098
1923,Olivia,F,4429
1924,Olivia,F,4162
1925,Olivia,F,4274
1926,Olivia,F,4007
1927,Olivia,F,4458
1928,Olivia,F,4437
1929,Olivia,F,4139
1930,Olivia,F,4546
1931,Olivia,F,4609
1932,Olivia,F,5212
1933,Olivia,F,5035
1934,Olivia,F,4857
1935,Olivia,F,5005
1936,Olivia,F,5023
1937,Olivia,F,5028
1938,Olivia,F,4836
1939,Olivia,F,5208
1940,Olivia,F,5101
1941,Olivia,F,5020
1942,Olivia,F,5685
1943,Olivia,F,5738
1944,Olivia,F,5087
1945,Olivia,F,5750
1946,Olivia,F,6240
1947,Olivia,F,6366
1948,Olivia,F,6461
1949,Olivia,F,6202
1950,Olivia,F,5973
1951,Olivia,F,5982
1952,Olivia,F,6641
1953,Olivia,F,6768
1954,Olivia,F,7250
1955,Olivia,F,7298
1956,Olivia,F,6908
1957,Olivia,F,6555
1958,Olivia,F,7068
1959,Olivia,F,7427
1960,Olivia,F,7369
1961,Olivia,F,7327
1962,Olivia,F,7841
1963,Olivia,F,7622
1964,Olivia,F,7697
1965,Olivia,F,8293
1966,Olivia,F,8086
1967,Olivia,F,8557
1968,Olivia,F,8726
1969,Olivia,F,8142
1970,Olivia,F,8640
1971,Olivia,F,9839
1972,Olivia,F,8579
1973,Olivia,F,8197
1974,Olivia,F,8493
1975,Olivia,F,9753
1976,Olivia,F,9932
1977,Olivia,F,10025
1978,Olivia,F,11031
1979,Olivia,F,8792
1980,Olivia,F,10918
1981,Olivia,F,11880
1982,Olivia,F,10314
1983,Olivia,F,11011
1984,Olivia,F,10959
1985,Olivia,F,11063
1986,Olivia,F,11674
1987,Olivia,F,13167
1988,Olivia,F,13715
1989,Olivia,F,12329
1990,Olivia,F,14280
1991,Olivia,F,13080
1992,Olivia,F,14691
1993,Olivia,F,13461
1994,Olivia,F,13893
1995,Olivia,F,14344
1996,Olivia,F,17016
1997,Olivia,F,15291
1998,Olivia,F,14180
1999,Olivia,F,15947
2000,Olivia,F,15003
2001,Olivia,F,15144
2002,Olivia,F,16735
2003,Olivia,F,16168
2004,Olivia,F,16681
2005,Olivia,F,16688
2006,Olivia,F,17281
2007,Olivia,F,17641
2008,Olivia,F,15432
2009,Olivia,F,18423
2010,Olivia,F,16903
2011,Olivia,F,16624
2012,Olivia,F,18362
2013,Olivia,F,18735
2014,Olivia,F,18056
2015,Olivia,F,19969
2016,Olivia,F,17634
2017,Olivia,F,18839
2018,Olivia,F,18730
2019,Olivia,F,19422
2020,Olivia,F,19826
2021,Olivia,F,18299
2022,Olivia,F,20255
2023,Olivia,F,19383
2024,Olivia,F,17001
1900,Riley,F,1256
1900,Riley,M,2332
1901,Riley,F,1357
1901,Riley,M,2494
1902,Riley,F,1449
1902,Riley,M,2635
1903,Riley,F,1445
1903,Riley,M,2600
1904,Riley,F,1582
1904,Riley,M,2816
1905,Riley,F,1598
1905,Riley,M,2816
1906,Riley,F,1680
1906,Riley,M,2928
1907,Riley,F,1692
1907,Riley,M,2920
1908,Riley,F,1757
1908,Riley,M,3000
1909,Riley,F,1670
1909,Riley,M,2822
1910,Riley,F,1727
1910,Riley,M,2889
1911,Riley,F,1776
1911,Riley,M,2939
1912,Riley,F,1764
1912,Riley,M,2891
1913,Riley,F,1734
1913,Riley,M,2813
1914,Riley,F,1768
1914,Riley,M,2839
1915,Riley,F,1742
1915,Riley,M,2768
1916,Riley,F,1907
1916,Riley,M,3000
1917,Riley,F,1879
1917,Riley,M,2924
1918,Riley,F,1842
1918,Riley,M,2838
1919,Riley,F,1870
1919,Riley,M,2853
1920,Riley,F,1834
1920,Riley,M,2769
1921,Riley,F,2125
1921,Riley,M,3178
1922,Riley,F,2048
1922,Riley,M,3031
1923,Riley,F,1962
1923,Riley,M,2875
1924,Riley,F,2203
1924,Riley,M,3195
1925,Riley,F,2061
1925,Riley,M,2960
1926,Riley,F,1982
1926,Riley,M,2819
1927,Riley,F,2332
1927,Riley,M,3284
1928,Riley,F,2159
1928,Riley,M,3009
1929,Riley,F,2209
1929,Riley,M,3048
1930,Riley,F,2304
1930,Riley,M,3149
1931,Riley,F,2493
1931,Riley,M,3373
1932,Riley,F,2371
1932,Riley,M,3176
1933,Riley,F,2230
1933,Riley,M,2959
1934,Riley,F,2519
1934,Riley,M,3308
1935,Riley,F,2403
1935,Riley,M,3126
1936,Riley,F,2797
1936,Riley,M,3602
1937,Riley,F,2550
1937,Riley,M,3251
1938,Riley,F,2240
1938,Riley,M,2829
1939,Riley,F,2682
1939,Riley,M,3353
1940,Riley,F,2975
1940,Riley,M,3684
1941,Riley,F,2959
1941,Riley,M,3628
1942,Riley,F,3044
1942,Riley,M,3697
1943,Riley,F,2613
1943,Riley,M,3142
1944,Riley,F,2978
1944,Riley,M,3547
1945,Riley,F,2741
1945,Riley,M,3232
1946,Riley,F,2945
1946,Riley,M,3440
1947,Riley,F,2723
1947,Riley,M,3150
1948,Riley,F,2876
1948,Riley,M,3293
1949,Riley,F,2911
1949,Riley,M,3302
1950,Riley,F,3244
1950,Riley,M,3643
1951,Riley,F,3272
1951,Riley,M,3640
1952,Riley,F,3219
1952,Riley,M,3546
1953,Riley,F,2951
1953,Riley,M,3220
1954,Riley,F,3196
1954,Riley,M,3454
1955,Riley,F,3155
1955,Riley,M,3377
1956,Riley,F,3525
1956,Riley,M,3735
1957,Riley,F,3637
1957,Riley,M,3817
1958,Riley,F,3663
1958,Riley,M,3807
1959,Riley,F,3334
1959,Riley,M,3432
1960,Riley,F,2959
1960,Riley,M,3016
1961,Riley,F,3209
1961,Riley,M,3240
1962,Riley,F,3950
1962,Riley,M,3949
1963,Riley,F,3600
1963,Riley,M,3565
1964,Riley,F,3571
1964,Riley,M,3502
1965,Riley,F,4164
1965,Riley,M,4044
1966,Riley,F,4132
1966,Riley,M,3976
1967,Riley,F,3898
1967,Riley,M,3714
1968,Riley,F,3875
1968,Riley,M,3656
1969,Riley,F,3965
1969,Riley,M,3705
1970,Riley,F,4104
1970,Riley,M,3799
1971,Riley,F,4496
1971,Riley,M,4121
1972,Riley,F,4261
1972,Riley,M,3867
1973,Riley,F,4392
1973,Riley,M,3949
1974,Riley,F,4562
1974,Riley,M,4061
1975,Riley,F,4014
1975,Riley,M,3539
1976,Riley,F,4569
1976,Riley,M,3990
1977,Riley,F,4348
1977,Riley,M,3759
1978,Riley,F,3804
1978,Riley,M,3257
1979,Riley,F,3956
1979,Riley,M,3354
1980,Riley,F,4309
1980,Riley,M,3619
1981,Riley,F,4793
1981,Riley,M,3985
1982,Riley,F,4731
1982,Riley,M,3896
1983,Riley,F,4806
1983,Riley,M,3920
1984,Riley,F,5371
1984,Riley,M,4337
1985,Riley,F,4492
1985,Riley,M,3592
1986,Riley,F,4908
1986,Riley,M,3886
1987,Riley,F,5060
1987,Riley,M,3968
1988,Riley,F,4800
1988,Riley,M,3728
1989,Riley,F,5083
1989,Riley,M,3909
1990,Riley,F,4634
1990,Riley,M,3529
1991,Riley,F,5616
1991,Riley,M,4234
1992,Riley,F,5015
1992,Riley,M,3743
1993,Riley,F,5921
1993,Riley,M,4376
1994,Riley,F,5316
1994,Riley,M,3890
1995,Riley,F,5704
1995,Riley,M,4134
1996,Riley,F,5402
1996,Riley,M,3875
1997,Riley,F,5453
1997,Riley,M,3873
1998,Riley,F,5313
1998,Riley,M,3736
1999,Riley,F,5586
1999,Riley,M,3889
2000,Riley,F,5691
2000,Riley,M,3923
2001,Riley,F,5356
2001,Riley,M,3656
2002,Riley,F,5612
2002,Riley,M,3792
2003,Riley,F,5477
2003,Riley,M,3664
2004,Riley,F,6502
2004,Riley,M,4306
2005,Riley,F,5708
2005,Riley,M,3741
2006,Riley,F,6294
2006,Riley,M,4084
2007,Riley,F,5709
2007,Riley,M,3668
2008,Riley,F,5882
2008,Riley,M,3741
2009,Riley,F,5344
2009,Riley,M,3363
2010,Riley,F,5657
2010,Riley,M,3524
2011,Riley,F,5893
2011,Riley,M,3634
2012,Riley,F,6377
2012,Riley,M,3893
2013,Riley,F,5902
2013,Riley,M,3566
2014,Riley,F,6308
2014,Riley,M,3771
2015,Riley,F,6045
2015,Riley,M,3578
2016,Riley,F,6385
2016,Riley,M,3739
2017,Riley,F,5790
2017,Riley,M,3356
2018,Riley,F,6635
2018,Riley,M,3806
2019,Riley,F,5624
2019,Riley,M,3193
2020,Riley,F,5516
2020,Riley,M,3099
2021,Riley,F,5351
2021,Riley,M,2974
2022,Riley,F,6561
2022,Riley,M,3609
2023,Riley,F,6024
2023,Riley,M,3278
2024,Riley,F,5611
2024,Riley,M,3021
1900,Robert,M,69200
1901,Robert,M,69253
1902,Robert,M,78007
1903,Robert,M,74010
1904,Robert,M,71954
1905,Robert,M,75375
1906,Robert,M,64196
1907,Robert,M,73595
1908,Robert,M,82961
1909,Robert,M,74966
1910,Robert,M,74968
1911,Robert,M,77414
1912,Robert,M,79272
1913,Robert,M,66457
1914,Robert,M,68129
1915,Robert,M,77004
1916,Robert,M,73033
1917,Robert,M,82589
1918,Robert,M,75360
1919,Robert,M,68112
1920,Robert,M,71413
1921,Robert,M,64734
1922,Robert,M,76655
1923,Robert,M,77082
1924,Robert,M,76180
1925,Robert,M,83443
1926,Robert,M,84209
1927,Robert,M,77936
1928,Robert,M,68805
1929,Robert,M,82001
1930,Robert,M,81862
1931,Robert,M,80834
1932,Robert,M,84169
1933,Robert,M,74039
1934,Robert,M,89310
1935,Robert,M,75198
1936,Robert,M,83454
1937,Robert,M,71831
1938,Robert,M,75502
1939,Robert,M,87269
1940,Robert,M,78748
1941,Robert,M,84022
1942,Robert,M,81102
1943,Robert,M,79419
1944,Robert,M,86400
1945,Robert,M,78658
1946,Robert,M,71188
1947,Robert,M,75766
1948,Robert,M,82117
1949,Robert,M,81244
1950,Robert,M,71774
1951,Robert,M,75636
1952,Robert,M,76157
1953,Robert,M,77014
1954,Robert,M,72074
1955,Robert,M,75415
1956,Robert,M,74753
1957,Robert,M,81572
1958,Robert,M,81522
1959,Robert,M,76846
1960,Robert,M,75475
1961,Robert,M,77703
1962,Robert,M,73049
1963,Robert,M,71294
1964,Robert,M,72001
1965,Robert,M,73148
1966,Robert,M,70488
1967,Robert,M,76240
1968,Robert,M,78524
1969,Robert,M,67812
1970,Robert,M,74776
1971,Robert,M,73394
1972,Robert,M,75600
1973,Robert,M,73729
1974,Robert,M,67078
1975,Robert,M,67641
1976,Robert,M,73008
1977,Robert,M,77051
1978,Robert,M,62662
1979,Robert,M,73441
1980,Robert,M,76747
1981,Robert,M,70663
1982,Robert,M,73343
1983,Robert,M,67698
1984,Robert,M,69854
1985,Robert,M,63224
1986,Robert,M,59905
1987,Robert,M,73311
1988,Robert,M,64978
1989,Robert,M,66854
1990,Robert,M,62714
1991,Robert,M,62317
1992,Robert,M,67041
1993,Robert,M,64467
1994,Robert,M,68610
1995,Robert,M,68571
1996,Robert,M,67707
1997,Robert,M,67044
1998,Robert,M,71994
1999,Robert,M,61246
2000,Robert,M,64893
2001,Robert,M,69180
2002,Robert,M,69338
2003,Robert,M,58649
2004,Robert,M,62595
2005,Robert,M,68633
2006,Robert,M,65059
2007,Robert,M,63543
2008,Robert,M,61664
2009,Robert,M,60723
2010,Robert,M,62899
2011,Robert,M,60574
2012,Robert,M,61025
2013,Robert,M,61146
2014,Robert,M,58074
2015,Robert,M,62139
2016,Robert,M,70369
2017,Robert,M,53225
2018,Robert,M,60412
2019,Robert,M,56254
2020,Robert,M,60658
2021,Robert,M,58475
2022,Robert,M,60650
2023,Robert,M,61755
2024,Robert,M,58038
1900,Sophia,F,3477
1901,Sophia,F,3385
1902,Sophia,F,3501
1903,Sophia,F,3781
1904,Sophia,F,3696
1905,Sophia,F,3826
1906,Sophia,F,3957
1907,Sophia,F,3773
1908,Sophia,F,4095
1909,Sophia,F,4065
1910,Sophia,F,3735
1911,Sophia,F,4448
1912,Sophia,F,4031
1913,Sophia,F,3799
1914,Sophia,F,4013
1915,Sophia,F,4080
1916,Sophia,F,4426
1917,Sophia,F,4406
1918,Sophia,F,4456
1919,Sophia,F,4789
1920,Sophia,F,4785
1921,Sophia,F,4852
1922,Sophia,F,4954
1923,Sophia,F,5092
1924,Sophia,F,4357
1925,Sophia,F,4955
1926,Sophia,F,4473
1927,Sophia,F,5239
1928,Sophia,F,5309
1929,Sophia,F,5734
1930,Sophia,F,5872
1931,Sophia,F,5637
1932,Sophia,F,5489
1933,Sophia,F,5918
1934,Sophia,F,5659
1935,Sophia,F,5939
1936,Sophia,F,6394
1937,Sophia,F,5931
1938,Sophia,F,6539
1939,Sophia,F,6599
1940,Sophia,F,6077
1941,Sophia,F,6937
1942,Sophia,F,6943
1943,Sophia,F,6818
1944,Sophia,F,6575
1945,Sophia,F,6646
1946,Sophia,F,6897
1947,Sophia,F,7484
1948,Sophia,F,6950
1949,Sophia,F,7696
1950,Sophia,F,7060
1951,Sophia,F,7666
1952,Sophia,F,7948
1953,Sophia,F,9212
1954,Sophia,F,7499
1955,Sophia,F,9052
1956,Sophia,F,8541
1957,Sophia,F,8827
1958,Sophia,F,8829
1959,Sophia,F,9161
1960,Sophia,F,8999
1961,Sophia,F,10052
1962,Sophia,F,9154
1963,Sophia,F,10232
1964,Sophia,F,9377
1965,Sophia,F,9896
1966,Sophia,F,9462
1967,Sophia,F,10578
1968,Sophia,F,11394
1969,Sophia,F,10627
1970,Sophia,F,10744
1971,Sophia,F,10332
1972,Sophia,F,11122
1973,Sophia,F,10387
1974,Sophia,F,11057
1975,Sophia,F,12076
1976,Sophia,F,13095
1977,Sophia,F,14443
1978,Sophia,F,12146
1979,Sophia,F,13927
1980,Sophia,F,13252
1981,Sophia,F,13183
1982,Sophia,F,13902
1983,Sophia,F,13852
1984,Sophia,F,14149
1985,Sophia,F,13964
1986,Sophia,F,13355
1987,Sophia,F,13470
1988,Sophia,F,15708
1989,Sophia,F,15134
1990,Sophia,F,15107
1991,Sophia,F,15955
1992,Sophia,F,17004
1993,Sophia,F,16694
1994,Sophia,F,16141
1995,Sophia,F,18348
1996,Sophia,F,19026
1997,Sophia,F,18193
1998,Sophia,F,19005
1999,Sophia,F,19602
2000,Sophia,F,19781
2001,Sophia,F,19497
2002,Sophia,F,19762
2003,Sophia,F,19946
2004,Sophia,F,18309
2005,Sophia,F,20679
2006,Sophia,F,18442
2007,Sophia,F,19322
2008,Sophia,F,22086
2009,Sophia,F,21695
2010,Sophia,F,22652
2011,Sophia,F,20564
2012,Sophia,F,19525
2013,Sophia,F,20697
2014,Sophia,F,21103
2015,Sophia,F,21004
2016,Sophia,F,22210
2017,Sophia,F,20206
2018,Sophia,F,20916
2019,Sophia,F,19086
2020,Sophia,F,20618
2021,Sophia,F,19848
2022,Sophia,F,18718
2023,Sophia,F,19069
2024,Sophia,F,18866
1900,William,M,42202
1901,William,M,42678
1902,William,M,42640
1903,William,M,42940
1904,William,M,47442
1905,William,M,46244
1906,William,M,49193
1907,William,M,50742
1908,William,M,41947
1909,William,M,44945
1910,William,M,41635
1911,William,M,42741
1912,William,M,43171
1913,William,M,42049
1914,William,M,42088
1915,William,M,44557
1916,William,M,41683
1917,William,M,47253
1918,William,M,42514
1919,William,M,52583
1920,William,M,43781
1921,William,M,45192
1922,William,M,41494
1923,William,M,49585
1924,William,M,47986
1925,William,M,45747
1926,William,M,41293
1927,William,M,45465
1928,William,M,41848
1929,William,M,48767
1930,William,M,46971
1931,William,M,45012
1932,William,M,38176
1933,William,M,42030
1934,William,M,46456
1935,William,M,47806
1936,William,M,47469
1937,William,M,40203
1938,William,M,45191
1939,William,M,47025
1940,William,M,39855
1941,William,M,44169
1942,William,M,44844
1943,William,M,43251
1944,William,M,39084
1945,William,M,43036
1946,William,M,42954
1947,William,M,43344
1948,William,M,42174
1949,William,M,42406
1950,William,M,43374
1951,William,M,44541
1952,William,M,42508
1953,William,M,42145
1954,William,M,43352
1955,William,M,38060
1956,William,M,44151
1957,William,M,42823
1958,William,M,42827
1959,William,M,45082
1960,William,M,37541
1961,William,M,37397
1962,William,M,43012
1963,William,M,42194
1964,William,M,42536
1965,William,M,40834
1966,William,M,43560
1967,William,M,44119
1968,William,M,42881
1969,William,M,40910
1970,William,M,36207
1971,William,M,43244
1972,William,M,44245
1973,William,M,42699
1974,William,M,38831
1975,William,M,42532
1976,William,M,42868
1977,William,M,44449
1978,William,M,38400
1979,William,M,39863
1980,William,M,42101
1981,William,M,40314
1982,William,M,37371
1983,William,M,40931
1984,William,M,41200
1985,William,M,39906
1986,William,M,40098
1987,William,M,38843
1988,William,M,42823
1989,William,M,37093
1990,William,M,37713
1991,William,M,38994
1992,William,M,40895
1993,William,M,35244
1994,William,M,35566
1995,William,M,33773
1996,William,M,38430
1997,William,M,35666
1998,William,M,37229
1999,William,M,39492
2000,William,M,36403
2001,William,M,38261
2002,William,M,36938
2003,William,M,39001
2004,William,M,38431
2005,William,M,35696
2006,William,M,36743
2007,William,M,39311
2008,William,M,37741
2009,William,M,33667
2010,William,M,38064
2011,William,M,34124
2012,William,M,39458
2013,William,M,38480
2014,William,M,36757
2015,William,M,36345
2016,William,M,35432
2017,William,M,37215
2018,William,M,34843
2019,William,M,36015
2020,William,M,37242
2021,William,M,34079
2022,William,M,33846
2023,William,M,32513
2024,William,M,32672
